scooter-href,etat,marque,annee,adresse,prix,image_link-src,description
https://www.expat-dakar.com/annonce/vend-citroen-c4-cactus-6271578,D'occasion,Citroen,2015.0,Hann maristes,5500000,https://i.roamcdn.net/hz/ed/listing-thumb-543w/5a50ef65783d02c67cbb789c323b7415/-/horizon-files-prod/ed/picture/qm5gw8ew/64a247794d3500c0eff4dc9296e916878a2ce5f3.jpg,"Je vends ma Citroen C4 Cactus 2015 automatic. R√©vision compl√®te √† 150876 km. Si vous √™tes int√©ress√©s ou souhaitez plus d'informations, contactez moi."
https://www.expat-dakar.com/annonce/renault-duster-oroch-2019-6271942,D'occasion,Renault,2019.0,Fass,5900000,https://i.roamcdn.net/hz/ed/listing-thumb-543w/8b09a6545b59b00974ecb145a8d0181d/-/horizon-files-prod/ed/picture/qenvedj9/9e151c4752d9d11d934f97d097d6e329aa108eef.jpg,"Je vends ma Renault Duster 2019

Manuel, diesel , climatis√©, Bluetooth, usb , aux ..

V√©hicules D√©j√† d√©douan√©

R√©vision compl√®te √† 79000 km. Si vous √™tes int√©ress√©s ou souhaitez plus d'informations, contactez moi."
https://www.expat-dakar.com/annonce/chevrolet-equinox-2015-6253163,D'occasion,Chevrolet,2015.0,Fass,3850000,https://i.roamcdn.net/hz/ed/listing-thumb-543w/c4e552be0fd5a90429858175d393c536/-/horizon-files-prod/ed/picture/q56dnpkn/42de42ebb0c49977795732c0a116622331edb54f.jpg,"Je vends ma Chevrolet Equinox 2015 automatic. R√©vision compl√®te √† 160000 km. Si vous √™tes int√©ress√©s ou souhaitez plus d'informations, contactez moi."
https://www.expat-dakar.com/annonce/appareil-de-massage-pour-voiture-multifonctionnel-5900239,Neuf,Autres,2024.0,Castor,25000,https://i.roamcdn.net/hz/ed/listing-thumb-543w/27be7dd4c370fd8955dabd46146b719f/-/horizon-files-prod/ed/picture/q2jq0rnv/90bc1eb7671c9d9958d66a293bf75e2ce6846e80.jpg,"Appareil de massage de voiture multifonctionnel pour tout le corps, chaises de maison, coussin chauffant pour voiture"
https://www.expat-dakar.com/annonce/hyundai-santa-fe-2018-6242180,D'occasion,Hyundai,2018.0,Mamelles,13000000,https://i.roamcdn.net/hz/ed/listing-thumb-543w/435db6299f4493b55c28342da63341eb/-/horizon-files-prod/ed/picture/qkr8n7r2/fa0739c26844c93373fa3d08e86e97cf2c52653f.jpg,"‚Ä¢ SUV - Hyundai Santa Fe, Automatique, 2.4 L, Essence,

2018"
https://www.expat-dakar.com/annonce/mercedes-glc-300-6208585,D'occasion,Mercedes-Benz,2016.0,Liberte 6,13000000,https://i.roamcdn.net/hz/ed/listing-thumb-543w/5d59a4df30736977c44bf3ce33b1a29b/-/horizon-files-prod/ed/picture/q56d56qg/b9ec3ec4c7130656ebfa2b54904167127b8bace4.jpg,"Glc 300

2016

Essence automatique

4 cylindres 2.0L

117000 milles

Let's go

4 matic

Interior cuir beige

Camera,radar,toit panoramique

√âchange possible"
https://www.expat-dakar.com/annonce/citroen-c4-6271498,Venant,Citroen,2016.0,Nord foire,6200000,https://i.roamcdn.net/hz/ed/listing-thumb-543w/fadf14f2c63ba49c095cda7913547121/-/horizon-files-prod/ed/picture/qrz8xdmq/6f4bebc8b1060e1fe14f5da521db419eea107ae1.jpg,"Je vends ma Citroen C4 2016 automatic. R√©vision compl√®te √†  km. Si vous √™tes int√©ress√©s ou souhaitez plus d'informations, contactez moi.

Citroen c4

Diesel Manuel

Venant de la France"
https://www.expat-dakar.com/annonce/chevrolet-equinoxe-6271565,Neuf,Chevrolet,2019.0,Ouest foire,10500000,https://i.roamcdn.net/hz/ed/listing-thumb-543w/8b33ec57d64882b80084fa3651a34b46/-/horizon-files-prod/ed/picture/qzvp0g9d/6bfd5f0cf6b7949153a105e37273dfd21a6497b8.jpg,"Chevrolet Equinox AWD LT

Vendeur : Afia Automobile

Ann√©e : 2019

Transmission : automatique essence

Version : AWD

Moteur : 1.5 turbo

Fonctionnalit√©s :"
https://www.expat-dakar.com/annonce/jeep-grand-cherokee-overland-4x4-6205134,Neuf,Jeep,2023.0,Ouest foire,35000000,https://i.roamcdn.net/hz/ed/listing-thumb-543w/3927f643134f49f5210c988e64ddd27e/-/horizon-files-prod/ed/picture/qm5gdw49/f26f13252f34d7319523c038ea4dfd04f146c27a.jpg,"Je vends ma Jeep Grand Cherokee 2023 . R√©vision compl√®te √† 30000 km. Si vous √™tes int√©ress√©s ou souhaitez plus d'informations, contactez moi."
https://www.expat-dakar.com/annonce/hyundai-santa-fe-2014-4x4-6270041,D'occasion,Hyundai,2014.0,Sicap Libert√©,6500000,https://i.roamcdn.net/hz/ed/listing-thumb-543w/3cbcad40ee7ff874ca9c76f871a675fe/-/horizon-files-prod/ed/picture/q56dkj2e/62ed459a7143000448796736511d0f54b16fe0cb.jpg,Hyundai Santa Fe 2014 Automatique Essence 04cylindres version 4x4 full options tr√®s propres 124000 km.
https://www.expat-dakar.com/annonce/trottinette-electrique-avec-siege-5909524,Neuf,Autre,2023.0,Grand-Dakar,305000,https://i.roamcdn.net/hz/ed/listing-thumb-543w/bfdbc2611bf30755f7b4a284563a5564/-/horizon-files-prod/ed/picture/qv4ewnjj/9b610a80e8c910cfd3284fedd399c04809c54c16.jpg,"Puissance et robustesse sont les mots d'ordre de la nouvelle trottinette √©lectrique tout terrain pliable Trottinette Electrique Ultra Luxe, qui s√©duira les passionn√©s de 2 roues."
https://www.expat-dakar.com/annonce/antivol-alarme-en-u-5933224,Neuf,Autre,2023.0,Castor,12000,https://i.roamcdn.net/hz/ed/listing-thumb-543w/13be83e30fc9569ce3041a7c743c41dd/-/horizon-files-prod/ed/picture/qv4e9wjm/5d07887532f9a1f3da867e00175473df4d0b5af3.jpg,"Antivol alarme en U, excellent pour pr√©venir le cas de vol de motos et de Tricycles.

D√©tecteur de mouvement int√©gr√©, verrouillage double option.

Livraison √† la demande"
https://www.expat-dakar.com/annonce/moto-et-tricycles-porte-bagages-6080231,Neuf,Lifan,2024.0,Sicap Libert√©,1,https://i.roamcdn.net/hz/ed/listing-thumb-543w/28a2137dcd1529ff0df65e747ddd738b/-/horizon-files-prod/ed/picture/q448ej78/cf8b42b55d405814f16003e97961e1f3798c2419.jpg,"Je vends ma Lifan  2024 :transmission. R√©vision compl√®te √† 0 km. Si vous √™tes int√©ress√©s ou souhaitez plus d'informations, contactez moi."
https://www.expat-dakar.com/annonce/moto-jakarta-5923728,Neuf,KTM,2023.0,Castor,460000,https://i.roamcdn.net/hz/ed/listing-thumb-543w/3f2b071adb84c5615661cc8ae3afa25b/-/horizon-files-prod/ed/picture/qwe2gnzk/46b4a33691b2b7b1f60f3c7b9c627eb040bbcc35.jpg,"Je vends ma KTM Junior 2023 :transmission. R√©vision compl√®te √† 0 km. Si vous √™tes int√©ress√©s ou souhaitez plus d'informations, contactez moi."
https://www.expat-dakar.com/annonce/casque-moto-5923735,Neuf,Autre,2023.0,Castor,1,https://i.roamcdn.net/hz/ed/listing-thumb-543w/cbbb08bdfa862c83ccbd84230ad5a4e1/-/horizon-files-prod/ed/picture/qgq9p4gr/3de433507c6208cdb046cf52be0e36e19935426a.jpg,"Je vends ma Autre  2023 :transmission. R√©vision compl√®te √† 0 km. Si vous √™tes int√©ress√©s ou souhaitez plus d'informations, contactez moi."
https://www.expat-dakar.com/annonce/tricycle-5911382,Neuf,Autre,2023.0,Castor,1,https://i.roamcdn.net/hz/ed/listing-thumb-543w/601e48241be66ef6e7efb5882be857a1/-/horizon-files-prod/ed/picture/qpd6g65m/6dd62eb0f5465a71bda5ae50c19e1842bd00a1b8.jpg,"Tricycle DS 200 tout terrain avec carte grise, plaque et assurance 12 mois.

Formation chauffeur offerte"
https://www.expat-dakar.com/annonce/moto-deux-roues-5909801,Neuf,KTM,2020.0,Castor,580000,https://i.roamcdn.net/hz/ed/listing-thumb-543w/b3129792ebc8739428d75515ce642d82/-/horizon-files-prod/ed/picture/q785jvxx/a007d7ee0e466346369c02d776bb07a98b1054f3.jpg,"Moto deux Roues disponible avec option mutation et assurance

Si vous √™tes int√©ress√©s ou souhaitez plus d'informations, contactez moi."
https://www.expat-dakar.com/annonce/jakarta-aganama-5889890,Neuf,Autre,2020.0,Castor,595000,https://i.roamcdn.net/hz/ed/listing-thumb-543w/a9dcd10671f521124712102f650ed43b/-/horizon-files-prod/ed/picture/qv4eeewg/038efd4898ba0c1e593350bfcac013dbf3effb23.jpg,"Je vends ma Autre  2020 :transmission. R√©vision compl√®te √† 0 km. Si vous √™tes int√©ress√©s ou souhaitez plus d'informations, contactez moi."
https://www.expat-dakar.com/annonce/motos-vitesse-125-et-150cc-5882870,Neuf,Bajaj,2023.0,Castor,1,https://i.roamcdn.net/hz/ed/listing-thumb-543w/83dde7b73f02c552d04e1bfedae195ee/-/horizon-files-prod/ed/picture/q9m98wzj/347050d00e98efcd5fcfe30813fb37a17cec0b2c.jpg,"Moto Bajaj 125 et 150cc avec carte grise, plaque et assurance 12 mois √† votre nom ou au nom de votre soci√©t√©."
https://www.expat-dakar.com/annonce/casque-moto-integral-5925390,Neuf,Autre,2023.0,Castor,31000,https://i.roamcdn.net/hz/ed/listing-thumb-543w/7b2d36472e09364546d4bbd2e72e6b6e/-/horizon-files-prod/ed/picture/qv4egxq2/a894b99ea185728e1991c3748d68b679b90d60d7.jpg,"Je vends ma Autre  2023 :transmission. R√©vision compl√®te √† 0 km. Si vous √™tes int√©ress√©s ou souhaitez plus d'informations, contactez moi."
https://www.expat-dakar.com/annonce/motos-de-haute-qualite-0km-125cc150cc-5900280,Neuf,Suzuki,2023.0,Colobane,600000,https://i.roamcdn.net/hz/ed/listing-thumb-543w/dc019bf1749327a4ce7482b6b93774cc/-/horizon-files-prod/ed/picture/qkrg85nv/dba3217cd07235497b050e6bb3a03264b8452eb3.jpg,"Je vends ma Suzuki GN 2023 :transmission. R√©vision compl√®te √† 0 km. Si vous √™tes int√©ress√©s ou souhaitez plus d'informations, contactez moi."
https://www.expat-dakar.com/annonce/velo-electrique-5969577,Neuf,Autre,2023.0,Ouakam,520000,https://i.roamcdn.net/hz/ed/listing-thumb-543w/6e6d1b5056941e5e64693b10569b130c/-/horizon-files-prod/ed/picture/qxj2xnrq/96cba9081562076a8ee66bbcc0716b2c68200f61.jpg,"Cette voiture est une voiture de travail, une camionnette de livraison de nourriture, utilise un total de 1 kWh d'√©lectricit√© domestique par charge, utilise un moteur √† courant continu sans balais, dispose de feux de jour et de freins √† disque ! La vitesse est de 60 kilom√®tres par heure et il prend en charge plusieurs jeux de batteries √† utiliser √† tour de r√¥le. L'autonomie d'un seul ensemble est de 70 kilom√®tres, le GPS peut √™tre ajout√©, et le prix est de 520 000 francs CFA."
https://www.expat-dakar.com/annonce/scooter-electriques-5995076,D'occasion,Autre,2023.0,Fass,459000,https://i.roamcdn.net/hz/ed/listing-thumb-543w/b146d95782a55552e5d099a99f5f39a8/-/horizon-files-prod/ed/picture/qrzvk205/91135f528ca6cda41b956f2f610834e210e31252.png,"Je vends ma Autre  2023 :transmission. R√©vision compl√®te √†  km. Si vous √™tes int√©ress√©s ou souhaitez plus d'informations, contactez moi."
https://www.expat-dakar.com/annonce/velo-electrique-5968915,Neuf,Autre,2024.0,Ouakam,350000,https://i.roamcdn.net/hz/ed/listing-thumb-543w/68aae7ba4811c23930a03954b440c7fb/-/horizon-files-prod/ed/picture/qj4r2725/7500b97723f6d5ddc25ee089b38de9913ef308c7.jpg,"Ce mod√®le consomme un total de 1,2 kilowattheures d'√©lectricit√© domestique par charge, utilise un moteur √† courant continu sans balais de 500 watts, a une vitesse de 45 kilom√®tres par heure et une autonomie de croisi√®re de 70 kilom√®tres avec une seule charge. Au prix de 350 000 √† 370 000 francs CFA. Dispose d'un syst√®me antivol ind√©pendant ! Un GPS peut √™tre ajout√© et vous pouvez utiliser votre t√©l√©phone mobile pour contr√¥ler le d√©marrage, l'arr√™t, l'alarme et v√©rifier la trajectoire de conduite du v√©lo."
https://www.expat-dakar.com/annonce/fournisseur-casques-moto-dakar-5973506,Neuf,Autre,2024.0,Castor,1,https://i.roamcdn.net/hz/ed/listing-thumb-543w/4f4f5968d2c91f252aadd6c12c1801ad/-/horizon-files-prod/ed/picture/qwe2jqqm/c78d5db344e784b36b074e0c0befb767ec5e5917.jpg,"Casque LS2 valiant 2 double homologation ECE et DOT, garantie 6 mois."
https://www.expat-dakar.com/annonce/moto-electrique-2-places-6004713,Neuf,Autre,2024.0,Fass,1,https://i.roamcdn.net/hz/ed/listing-thumb-543w/a68bd6d13ffaeb622282f8f7b0b87c84/-/horizon-files-prod/ed/picture/qgq9kv80/cf839bff181c98162ced19a5161cc6f7a2437c5f.jpg,"Moto / Scooter √âlectrique 2 places

Des Motos et Scooters √©lectriques puissante, performant et tr√®s pratique pour vous permet de faire des √©conomies d'argent √† long terme. Rapide et silencieuse, elles sont tr√®s √©conomique pas besoin de Papiers .

Caract√©ristiques :"
https://www.expat-dakar.com/annonce/moto-electrique-5968920,Neuf,Autre,2024.0,Ouakam,6,https://i.roamcdn.net/hz/ed/listing-thumb-543w/d7319a8ba9de47ce785e39c3056134a6/-/horizon-files-prod/ed/picture/qenq2j2j/8c2fe225bd22c88cb76eae43227893c20d7b78a1.jpg,"Il s'agit d'une moto purement √©lectrique, √©cologique et silencieuse, avec un temps de charge d'environ 8 heures. Chaque charge ne n√©cessite que‚ùóÔ∏è 1,8 kilowatts d'√©lectricit√© domestique.‚ùóÔ∏èUne moto √©lectrique avec une autonomie de 80 kilom√®tres et une fonction marche arri√®re. Syst√®me anti-vol. lampe de s√©curit√©. Chargeur de t√©l√©phone portable USB. Un GPS peut √™tre ajout√©. Utilisez votre t√©l√©phone portable pour contr√¥ler le d√©marrage, l'arr√™t, l'alarme de la voiture, v√©rifier la trajectoire de conduite, etc. ‚ùóÔ∏è√âquip√© d'un moteur CC sans balais de 1 500 W et de freins √† disque de s√©curit√© doubles avant et arri√®re. ‚ùóÔ∏èLes pneus sable avant et arri√®re ont une configuration tr√®s √©lev√©e et peuvent atteindre une vitesse de 60 kilom√®tres par heure. Peut √™tre √©quip√© d'un coffret de livraison."
https://www.expat-dakar.com/annonce/moto-vitesse-6024652,Neuf,Bajaj,2024.0,Castor,1,https://i.roamcdn.net/hz/ed/listing-thumb-543w/02a83fb906dfea5d80f7c10f49ca39dc/-/horizon-files-prod/ed/picture/q8v58w26/1c49a7ea56b5cc12e28baa1dbdcabd4c72bd7b2d.jpg,"Moto vitesse neuve avec carte grise, plaque et assurance."
https://www.expat-dakar.com/annonce/triporteur-tricycle-200-cc-a-3-roues-6027568,Neuf,Autre,2024.0,Castor,1,https://i.roamcdn.net/hz/ed/listing-thumb-543w/357f12bf13b6a435407b326656b78767/-/horizon-files-prod/ed/picture/qv4ej4vk/c2b87188c62e7411f9d08ea861105cfee970d0c0.jpg,"Je vends ma Autre  2024 :transmission. R√©vision compl√®te √† 0 km. Si vous √™tes int√©ress√©s ou souhaitez plus d'informations, contactez moi."
https://www.expat-dakar.com/annonce/motos-2-roues-6015345,Neuf,Bajaj,2024.0,Sicap Libert√©,1,https://i.roamcdn.net/hz/ed/listing-thumb-543w/5aef1d76d8723c3cff67edb31c9f6193/-/horizon-files-prod/ed/picture/q7854k0z/8fac781488b370aac0087f18f1d1ecba83723225.jpg,"Fournisseur de motos nouvelles d'origine Inde garantie.

Motos 125 avec 3 mod√®les disponibles: CT125, Boxer 125 et Discover 125 cc

Moto Boxer 150 cc.

Possibilit√© d'achat avec cartes grises, plaques et assurance."
https://www.expat-dakar.com/annonce/tricycle-3-ou-5-roues-cargo-isotherme-6037286,Neuf,Lifan,2024.0,Castor,1,https://i.roamcdn.net/hz/ed/listing-thumb-543w/e00d16f76cec44583d4383239952e8f1/-/horizon-files-prod/ed/picture/qenqkgk5/93a4a27d274c00760d7cbe57685ff5b877cc7bc4.jpg,"Tricycle 3 ou 5 roues cargo isotherme 1000 kg √† 2000 kg.

Sans tracas dans les proc√©dures d'obtention de la carte grise; Daaba Services g√®re tout pour vous jusqu'√† la livraison."
https://www.expat-dakar.com/annonce/motos-tricycles-taxi-bagages-6039027,Neuf,Lifan,2024.0,Castor,1,https://i.roamcdn.net/hz/ed/listing-thumb-543w/369e7bd4af48b47af22f8868e59d3b54/-/horizon-files-prod/ed/picture/qngxex09/6f278f7064b69d65860d72d1c8c4f97b7edd555d.jpg,"Je vends ma Lifan  2024 :transmission. R√©vision compl√®te √† 0 km. Si vous √™tes int√©ress√©s ou souhaitez plus d'informations, contactez moi."
https://www.expat-dakar.com/annonce/moto-bajaj-express-6039028,Neuf,Bajaj,2024.0,Castor,1,https://i.roamcdn.net/hz/ed/listing-thumb-543w/1c990b4ea38eb4ecffbfd3928ea7e4fa/-/horizon-files-prod/ed/picture/qwe272ng/64f08b5938ec1cd4740407467fe6b5cc5eff11f8.png,"Moto Bajaj Express CT 125 fabriqu√© en Inde sur la base de normes internationales.

Vendues avec carte grise, plaque et assurance 12 mois."
https://www.expat-dakar.com/annonce/moto-tricycle-150-200-250-300-cm3-6039727,Neuf,Lifan,2024.0,Castor,1,https://i.roamcdn.net/hz/ed/listing-thumb-543w/3426bdb7151b9393bf2b605860fb0fea/-/horizon-files-prod/ed/picture/qngxepeg/6e1f83c24e963cdf4fa6da4becbc846f3f482712.jpg,"Daaba Services est un fournisseur de motos Tricycles, pi√®ces d√©tach√©es avec un SAV complet.

Carte grise, plaque, assurance

Formation √† la conduite

D√©placement er d√©pannage chez les clients.."
https://www.expat-dakar.com/annonce/moto-tvs-125-6043264,Neuf,TVS Motor,2024.0,Castor,800000,https://i.roamcdn.net/hz/ed/listing-thumb-543w/7525fe08e4f2e51531b77f3b0916c4db/-/horizon-files-prod/ed/picture/qenqejn4/3c0647a81cb1fdd7042dbd0e30400c1288c56a59.jpg,"Je vends ma TVS Motor  2024 :transmission. R√©vision compl√®te √† 0 km. Si vous √™tes int√©ress√©s ou souhaitez plus d'informations, contactez moi."
https://www.expat-dakar.com/annonce/tricycles-5-a-9-roues-6057679,Neuf,Autre,2024.0,Castor,2500,https://i.roamcdn.net/hz/ed/listing-thumb-543w/b8069ceef68f7bb067411dfa1f9eb059/-/horizon-files-prod/ed/picture/qgq9xnnq/bd9d37c70a3dc72e6022f9e75f17a6f86ada48c4.jpg,"Je vends ma Autre  2024 :transmission. R√©vision compl√®te √† 0 km. Si vous √™tes int√©ress√©s ou souhaitez plus d'informations, contactez moi."
https://www.expat-dakar.com/annonce/moteurs-motos-et-tricycles-6057684,Neuf,Lifan,2024.0,Castor,1,https://i.roamcdn.net/hz/ed/listing-thumb-543w/459410c648db3bed5c59190642c0d39d/-/horizon-files-prod/ed/picture/qdek8vv0/adf36d0eac772371fcb569b0043051c1e9f8f82f.jpg,"Je vends ma Lifan  2024 :transmission. R√©vision compl√®te √† 0 km. Si vous √™tes int√©ress√©s ou souhaitez plus d'informations, contactez moi."
https://www.expat-dakar.com/annonce/moto-electrique-6061276,Neuf,Zhongyu,2024.0,Ouakam,350000,https://i.roamcdn.net/hz/ed/listing-thumb-543w/d9fee103dfa131d30b3ad3137c36bdbb/-/horizon-files-prod/ed/picture/qrzvprn4/55bc7952e1aa65ae17884ef32eb484ed13a371a7.jpg,"Ce mod√®le consomme au total 1,2 kWh d'√©lectricit√© domestique par charge, et le co√ªt de conduite quotidienne est un dixi√®me de celui d'une moto √† essence. Il utilise un moteur √† courant continu sans balais de ‚ùóÔ∏è600 watts ‚ùóÔ∏è, un ‚ùóÔ∏ècontr√¥leur de module ‚ùóÔ∏è et un grand tambour. syst√®me de freinage √† l'avant et √† l'arri√®re ‚ùóÔ∏è Batterie au plomb-graph√®ne, avec une vitesse de 45 kilom√®tres par heure et une autonomie de croisi√®re d'environ 70 kilom√®tres avec une seule charge. Prix   entre 350 000 et 370 000 F CFA. Dispose d'un syst√®me antivol ind√©pendant ! Un GPS peut √™tre ajout√© et vous pouvez utiliser votre t√©l√©phone portable pour contr√¥ler le d√©marrage, l'arr√™t, l'alarme et v√©rifier la trajectoire du v√©lo. Il existe d'autres types de v√©los √©lectriques et de motos √©lectriques dans le magasin. Il y en a toujours un qui vous convient. ."
https://www.expat-dakar.com/annonce/moto-tricycle-bagages-6043263,Neuf,Lifan,2024.0,Castor,1550000,https://i.roamcdn.net/hz/ed/listing-thumb-543w/498aafbb9d1aae055cf9d80f9366138c/-/horizon-files-prod/ed/picture/q56x0860/ec5c2d30fadfd2d765529e99648f7238eef82a0d.jpg,"Je vends ma Lifan  2024 :transmission. R√©vision compl√®te √† 0 km. Si vous √™tes int√©ress√©s ou souhaitez plus d'informations, contactez moi."
https://www.expat-dakar.com/annonce/bhr-450-de-2023-6068243,Neuf,Autre,2023.0,Mbour,3500000,https://i.roamcdn.net/hz/ed/listing-thumb-543w/244877fb32368747e36ac6f534331c2a/-/horizon-files-prod/ed/picture/qzvdnnk8/30043caf95901c04592566638efc968f9827ecd7.jpg,Je vends ma Autre  2023 :transmission par cha√Æne. R√©vision compl√®te √† 2500 km. Porte t√©l√©phone pour faire des vid√®os en roulant.
https://www.expat-dakar.com/annonce/support-de-telephone-pour-moto-en-alliage-daluminium-5851877,Neuf,Autre,2023.0,Grand-Dakar,8500,https://i.roamcdn.net/hz/ed/listing-thumb-543w/bab2b8bdc8877dda2653dcba740db461/-/horizon-files-prod/ed/picture/qxj64e9q/61f291b55913131b7f28c51fcd28622c864044b4.jpg,"Aspect fin, ferme et durable, orientation rapide.

Il peut √™tre install√© sur des motos, tricycles, VTT, v√©hicules √©lectriques et autres outils de transport, et la plage d'installation est particuli√®rement large"
https://www.expat-dakar.com/annonce/cylindre-reservoir-pont-moto-tricycles-6106817,Neuf,Autre,2024.0,Sicap Libert√©,1,https://i.roamcdn.net/hz/ed/listing-thumb-543w/7863758408df2b8952245eddc8bf33cf/-/horizon-files-prod/ed/picture/q2j0jdw2/c07ce722bba1eee08a66204cb734f99cb0e82318.jpg,"Pi√®ces d√©tach√©es Moto tricycles

Cylindre,

Culasse,

Vilebrequin,

Piston,

Embrayage,

Pont,

Moteur,

Tableau de bord,

Phare,

Pignon,

Tambour,

Axe

Batterie"
https://www.expat-dakar.com/annonce/moto-electrique-6107960,Neuf,Autre,2024.0,Ouakam,1600000,https://i.roamcdn.net/hz/ed/listing-thumb-543w/b16be753016b41d06a32ddb691b49837/-/horizon-files-prod/ed/picture/qpdmd54q/9df0f9c972f7c1cf9a80ac50869009d5bb443acf.jpg,"Moto √©lectrique √† la mode

Moteur puissant de 3000 W

Batterie au lithium 72v50ah

Distance de conduite 90-120 kilom√®tres

Vitesse maximale 100 km/h

Pneu avant : 110/70-17

Pneu arri√®re : 140/70-17

Freins √† disque

Poids total 115kg (hors batterie)

Dimensions hors tout : 2070 mm 745 mm 1120 mm,

Nous avons √©galement une vari√©t√© de motos √©lectriques et de v√©los √©lectriques dans notre magasin. Bienvenue dans le magasin pour exp√©rimenter et acheter."
https://www.expat-dakar.com/annonce/honda-cbr125-6087657,Venant,Honda,2008.0,Yoff,500000,https://i.roamcdn.net/hz/ed/listing-thumb-543w/ac9eb06dec673b625f11fe085758090f/-/horizon-files-prod/ed/picture/qgq92rer/43264a60a3c1dfef0db30f03b79b7cb1e3aae47e.jpg,"Je vends ma Honda CBR125 2008 :transmission. R√©vision compl√®te √† 7000 km. La moto est dans un super √©tat, elle d√©marre au quart de tour. Tous les documents sont disponibles pour une immatriculation. Si vous √™tes int√©ress√©s ou souhaitez plus d'informations, contactez moi."
https://www.expat-dakar.com/annonce/velo-electrique-5968906,Neuf,Autre,2024.0,Ouakam,400000,https://i.roamcdn.net/hz/ed/listing-thumb-543w/29846a5a0b079058c9313f12df7ca0f5/-/horizon-files-prod/ed/picture/qwe2j5wd/6906b05a31018109c473109e07322d45e46604ed.jpg,"V√©lo de loisir √† assistance √©lectrique, v√©lo de messagerie et de livraison, peut √™tre √©quip√© d'une bo√Æte isol√©e arri√®re, d'un moteur √† roue √† rayons de 500 watts √† entra√Ænement arri√®re, d'un cadre en alliage d'aluminium 700C, d'une cha√Æne de transmission d√©di√©e pour 7 vitesses, d'une vitesse de 40 kilom√®tres par heure et une autonomie de 150 kilom√®tres en mode assistance, l'autonomie √©lectrique pure est de 60 kilom√®tres. Notre magasin vend diverses motos √©lectriques et v√©los √©lectriques import√©s de Chine. Nous avons notre propre usine √† Dakar. Nous accueillons les nouveaux et anciens clients dans le magasin pour n√©gociation.

Si vous √™tes int√©ress√©s ou souhaitez plus d'informations, contactez moi."
https://www.expat-dakar.com/annonce/moto-bmw-gs-1250-exclusive-6131824,Venant,BMW,2021.0,Ngaparou,5500000,https://i.roamcdn.net/hz/ed/listing-thumb-543w/dac2a9fe388dfcf0cf8a34ccc19eb1b7/-/horizon-files-prod/ed/picture/qv4we74g/d217201236fb0a15e0a7af471448c2ec5d1aaddc.jpg,Je vends ma BMW GS 1250 comme neuf  carte grise 2023 vient d'√™tre faite 5 millions 500 mil
https://www.expat-dakar.com/annonce/bache-moto-housse-de-protection-5758696,Neuf,Autre,2000.0,Grand-Dakar,13500,https://i.roamcdn.net/hz/ed/listing-thumb-543w/8422f54105ab8b31378e7b3a9ac8d8af/-/horizon-files-prod/ed/picture/q8vzx6zj/910f1bdc8e0aa0ae3f94a363a1ee52949966d6b9.png,"Housse de protection pour moto Taille XL de haute qualit√©. Produit 100% neuf Dimensions : 245cmx105cmx125cm Resistant au poussiere, pluie, soleil, rayons UV de fa√ßon durable. Prot√©gez votre moto stationn√©e chez vous ou sur votre lieu de travail contre les intemp√©ries contre soleil, pollution, poussi√®re et autres √©l√©ments n√©fastes ext√©rieures. Imperm√©able, r√©sistant aux rayons UV, durable, respirant, lavable, parfait pour utilisation int√©rieur, ext√©rieur, abri d'auto et sous-sol. Fermeture √©lastiques pour r√©sistance au vent"
https://www.expat-dakar.com/annonce/casque-moto-solde-6145310,Neuf,Lifan,2024.0,Sicap Libert√©,1,https://i.roamcdn.net/hz/ed/listing-thumb-543w/5b33e76ef218169fafcaf98639441355/-/horizon-files-prod/ed/picture/qrz8rqgn/16ad98419af68281952b6fe7f6ef8064013b3b09.jpg,"Casque moto √† solder.

Diff√©rentes marques LS2, Jiekai, SMK, Studs, FGN ..."
https://www.expat-dakar.com/annonce/velo-electrique-5968879,Neuf,Autre,2024.0,Ouakam,350000,https://i.roamcdn.net/hz/ed/listing-thumb-543w/31203171a51153b1831f9cca5d79d9b9/-/horizon-files-prod/ed/picture/qgq9zjdr/ba2a13c24dfa81eb512370c62224e6ef26bd490e.jpg,"VTT √† assistance √©lectrique, roue avant √† d√©gagement rapide, moteur arri√®re en alliage de magn√©sium de 500 watts, cadre en alliage d'aluminium de 26 pouces, cha√Æne de transmission sp√©ciale √† 7 vitesses, vitesse de 40 kilom√®tres par heure, autonomie de 100 kilom√®tres en mode assistance, 40 kilom√®tres de mode √©lectrique pur, notre magasin vendant diverses motos √©lectriques et v√©los √©lectriques import√©s de Chine. Nous avons notre propre usine √† Dakar. Bienvenue aux nouveaux et anciens clients dans notre magasin pour n√©gociation."
https://www.expat-dakar.com/annonce/moto-3-roues-tricycles-6142536,Neuf,Lifan,2024.0,Sicap Libert√©,1350000,https://i.roamcdn.net/hz/ed/listing-thumb-543w/bc77bc9535f4e18fae1c264af1086fd3/-/horizon-files-prod/ed/picture/qkr88488/5b1dd419440d6730def3b3adef0d2f065462d092.jpg,"Bonjour,

Moto Tricycle avec carte grise, plaque et assurance 12 mois."
https://www.expat-dakar.com/annonce/ducati-panigale-1299-moto-6184934,Venant,Ducati,2018.0,M√©dina,4000000,https://i.roamcdn.net/hz/ed/listing-thumb-543w/0d12021203f68f25d34aa0cd3656d1dc/-/horizon-files-prod/ed/picture/qm5gj2ej/c3358f935f8069023258416fd7fb4ccdace6112a.jpg,"Je vends ma Ducati Panigale 2018:

Transmission manuelle.

(Les options suppl√©mentaires √† regarder sur le net)

Si vous √™tes int√©ress√©s ou souhaitez plus d'informations, contactez moi."
https://www.expat-dakar.com/annonce/moto-suzuki-500-cm3-6186414,Venant,Suzuki,1994.0,Camb√©r√®ne,650000,https://i.roamcdn.net/hz/ed/listing-thumb-543w/e68e9c6edab9dbb25b80103c4f2872e7/-/horizon-files-prod/ed/picture/qkr8x9jn/8f6abba39c782ff2cee966f3d8d7a17c1a6e97bb.jpg,"Je vends ma Suzuki GS 1994 :transmission. R√©vision compl√®te √†  km. Si vous √™tes int√©ress√©s ou souhaitez plus d'informations, contactez moi."
https://www.expat-dakar.com/annonce/yamaha-tenere-700-2023-6195651,D'occasion,Yamaha,2023.0,Plateau,4000000,https://i.roamcdn.net/hz/ed/listing-thumb-543w/47b3a95a5b306d3c560b5467dfaba6bf/-/horizon-files-prod/ed/picture/qq4260mv/95204cabaf6e866f59e20efa6aad308b25cedbce.jpg,"Je vends Yamaha  t√©n√©r√© 700 2023   Parfait √©tat. Si vous √™tes int√©ress√©s ou pour plus d'informations, me contactez.

Pas s√©rieux, s'abstenir."
https://www.expat-dakar.com/annonce/lml-6196974,Venant,Piaggio,2008.0,Hann maristes,650000,https://i.roamcdn.net/hz/ed/listing-thumb-543w/5abbdd6d201607d2b7d6696c17dba1d0/-/horizon-files-prod/ed/picture/q8v4gqrr/3262e77eeab01e28f669712f8da1c5916d0bc61f.jpg,"Je vends ma vespa star LML moteur 200cc manuel 4t 2008 :transmission. R√©vision compl√®te √† 17000 km. Si vous √™tes int√©ress√©s ou souhaitez plus d'informations, contactez moi."
https://www.expat-dakar.com/annonce/moto-electrique-6060922,Neuf,Zhongyu,2024.0,Ouakam,1,https://i.roamcdn.net/hz/ed/listing-thumb-543w/a00403e0a6d75163dcddcc2fa6ab6bb0/-/horizon-files-prod/ed/picture/q6xked4z/7e4d1b365dac9205f1d8e0f84c53e58579e4d5bf.jpg,"Il s'agit d'une moto √©lectrique pure, respectueuse de l'environnement et silencieuse, avec un temps de charge d'environ 8 heures. Chaque charge consomme 1,8 kilowatts d'√©lectricit√© domestique, co√ªte un dixi√®me de celui d'une moto √† essence et a une fonction inverse. Syst√®me anti-vol. Lampe torche d'urgence. Feux de s√©curit√©. Chargeur de t√©l√©phone portable USB. Un GPS peut √™tre ajout√©. √âquip√© d'une batterie au plomb-acide graph√®ne ‚ùóÔ∏è72v32ah, d'un moteur sans balais ‚ùóÔ∏è2000W DC et de freins √† disque de s√©curit√© doubles avant et arri√®re. ‚ùóÔ∏èJantes en alliage, ‚ùóÔ∏èPare-chocs anti-collision, ‚ùóÔ∏èPneus sable, la vitesse est d'environ 80 kilom√®tres par heure. Une moto avec une autonomie d'environ 60 √† 100 kilom√®tres et un coffre gratuit. De plus, nous avons √©galement une vari√©t√© de produits de motos √©lectriques dans notre magasin. Bienvenue pour nous appeler pour consultation."
https://www.expat-dakar.com/annonce/moto-electrique-6077714,Neuf,Autre,2024.0,Yoff,1,https://i.roamcdn.net/hz/ed/listing-thumb-543w/873e843f85a3662050e6b075aea508fd/-/horizon-files-prod/ed/picture/qkrgwe7z/8e6e149d26d72ffe10565084f4abc9fce64613a1.jpg,"Il s'agit d'une moto √† trois roues purement √©lectrique, respectueuse de l'environnement et silencieuse, avec un temps de charge d'environ 8 heures. Chaque charge consomme 1,8 kilowatts d'√©lectricit√© domestique, co√ªte un dixi√®me de celui d'une moto √† essence et a une fonction inverse. Syst√®me anti-vol. Lampe torche d'urgence. Feux de s√©curit√©. Chargeur de t√©l√©phone portable USB. Un GPS peut √™tre ajout√©. √âquip√© d'une batterie au plomb-acide graph√®ne ‚ùóÔ∏è72v32ah, d'un moteur sans balais ‚ùóÔ∏è2000W DC et de freins √† disque de s√©curit√© doubles avant et arri√®re. ‚ùóÔ∏èJantes en alliage, ‚ùóÔ∏èPare-chocs anti-collision, ‚ùóÔ∏èPneus sable, la vitesse est d'environ 45 kilom√®tres par heure. Une moto avec une autonomie d'environ 80 kilom√®tres et un coffre gratuit. De plus, nous avons √©galement une vari√©t√© de produits de motos √©lectriques dans notre magasin. Bienvenue pour nous appeler pour consultation."
https://www.expat-dakar.com/annonce/tricycle-pour-entreprise-6199849,Neuf,Bajaj,2024.0,Sicap Libert√©,1,https://i.roamcdn.net/hz/ed/listing-thumb-543w/cdb8901fb1d1e836b2ead0ff0d33bb27/-/horizon-files-prod/ed/picture/qngp29k0/b3354618c602dd44779656f8684e0b454aa51097.jpg,"Un kit de #tricycles pour entreprise professionnelle de la #distribution.

Le terrain, un aspect √† ne jamais n√©gliger.

Le saviez-vous ?

La strat√©gie marketing et commerciale bien r√©fl√©chie et mise en ≈ìuvre est un r√©el facteur de succ√®s global.

Avec ce kit, vous √©laborez une strat√©gie marketing bas√©e sur la prospection-distribution : vous faites de la distribution tout en faisant la promotion de vos produits.

C'est plus rentable que les panneaux publicitaires s√©dentaires.

Vous b√©n√©ficiez d'un v√©ritable effet de levier commercial tout au long de la journ√©e, sans avoir √† puiser sur votre budget de prospection, d'activation ou de r√©activation.

Si vous √™tes int√©ress√©s ou souhaitez plus d'informations, contactez moi."
https://www.expat-dakar.com/annonce/xmax-250-a-vendre-6201080,Venant,Yamaha,2007.0,Mbao,600000,https://i.roamcdn.net/hz/ed/listing-thumb-543w/5329db90468160172091c8eac654fcf4/-/horizon-files-prod/ed/picture/qkr82xgp/74934d4e2d569402574377a4676f92401f78f88f.jpg,"Je vends ma    . R√©vision compl√®te √†  km. Si vous √™tes int√©ress√©s ou souhaitez plus d'informations, contactez moi."
https://www.expat-dakar.com/annonce/moto-electrique-2-places-super-puissant-6202447,Neuf,Autre,2024.0,Fass,650,https://i.roamcdn.net/hz/ed/listing-thumb-543w/ca68a7451c49728f9de9e87c0843bc0c/-/horizon-files-prod/ed/picture/q0g755md/4d77e150f2da0f6b1a8a9d6a5c26e8ea26a3de68.jpg,"NOUS VOUS PROPOSONS NOTRE NOUVELLE GAMME DE MOTO ELECTRIQUE NEUF, 0 km.

CARCTERISTIQUES :

üí™üèª Puissance : 1000 W

üõ£Ô∏è Autonomie : 100 km

‚öôÔ∏è Transmission : Auto (4 Vitesses)

‚è±Ô∏è V max : 70 km/h

üîã Batterie : 06 pi√®ces (72V / 20.Ah)

üîå Chargeur Auto Stop : 220V

üïíTemps de charge : 6 - 8 H

üéöÔ∏è R√©gulateur de puissance : Automatique

üí° Phares (Avant / Arri√®re) : Led

üõë Feux Stop : Led

üö¶Syst√®me de freinage : ABS / Freins

hydraulique a disque

üõû Pneus : Tubeless 20""

üóúÔ∏èCadre : Alliage d'aluminium

‚ÜïÔ∏è Amortisseurs : Hydraulique

(Avant / Arri√®re)

üîë Cl√© Double

üîê S√©curit√© : Alarme / Blocage moteur

üóëÔ∏è Porte Bagage : Vendu S√©par√©ment

üí∫Si√®ge : 2 places

üèãÔ∏èCharge Max : 250 kg

üîî Klaxon

Showroom Fass Delorme / Rond point  Canal 4

Si vous √™tes int√©ress√©s ou souhaitez plus d'informations, contactez moi."
https://www.expat-dakar.com/annonce/ktm-super-adventure-1290-neuf-6202391,Venant,KTM,2021.0,M√©dina,5000000,https://i.roamcdn.net/hz/ed/listing-thumb-543w/30c58d4be9b54c4e350cf75693c23adf/-/horizon-files-prod/ed/picture/q0g755re/d09f5f0d29b89a46059fddc38c4ae82797c4cbbf.jpg,"Je vends ma KTM Adventure 2021 :transmission. R√©vision compl√®te √†  km. Si vous √™tes int√©ress√©s ou souhaitez plus d'informations, contactez moi."
https://www.expat-dakar.com/annonce/moto-xadv-2020-6201821,Neuf,Honda,2020.0,Sacr√©-c≈ìur,2950000,https://i.roamcdn.net/hz/ed/listing-thumb-543w/0b15e4b9826d52a9716e0353e2f72af3/-/horizon-files-prod/ed/picture/qzvpexwg/e456a35b6f6dc3004a9196241dfce2f9b8e94ef6.jpg,"Je vends ma   2020 . R√©vision compl√®te √†  km. Si vous √™tes int√©ress√©s ou souhaitez plus d'informations, contactez moi."
https://www.expat-dakar.com/annonce/gs-1300-trophy-2023-6203457,D'occasion,BMW,2023.0,Sacr√©-c≈ìur,7500000,https://i.roamcdn.net/hz/ed/listing-thumb-543w/9aef2ffb2fdc44072fa45619dd66b572/-/horizon-files-prod/ed/picture/qgqwzkq4/7320465d7bbd2601a23a0d29efb96e8ef5148d35.jpg,"D√©couvrez cette magnifique BMW 1300 GS Trophy 2023, une moto d'aventure exceptionnelle avec seulement 1000 km au compteur. Parfaite pour les amateurs de sensations fortes et les aventuriers, cette moto est √©quip√©e pour affronter tous les terrains avec style et performance."
https://www.expat-dakar.com/annonce/bmw-gs-1250-adventure-6205469,Venant,BMW,2020.0,Almadies,5300000,https://i.roamcdn.net/hz/ed/listing-thumb-543w/5e5e45681b503ec6aed9bf1971774ed2/-/horizon-files-prod/ed/picture/q0g75j7j/4c3b339a8f9a3b74e36d14799cf0b8dcf88fbeba.jpg,"Je vends ma GS  1250 ADVENTURE  2020 :. 7.300 KM  VISIBLES AUX ALMADIE Si vous √™tes int√©ress√©s ou souhaitez plus d'informations, contactez moi."
https://www.expat-dakar.com/annonce/piaggio-derby-6205788,Venant,Piaggio,2012.0,Fass,540000,https://i.roamcdn.net/hz/ed/listing-thumb-543w/0dc745af5d707822b674c684cfba7b95/-/horizon-files-prod/ed/picture/q6xdz9en/00232bf3b8456a68338ad20c0be4a17429ad346c.jpg,"Je vends ma    . R√©vision compl√®te √†  km. Si vous √™tes int√©ress√©s ou souhaitez plus d'informations, contactez moi."
https://www.expat-dakar.com/annonce/ktm-690cm3-6205785,Venant,KTM,2014.0,Fass,1850000,https://i.roamcdn.net/hz/ed/listing-thumb-543w/81ac75f98c1dd9a61ba5e9b102f472dc/-/horizon-files-prod/ed/picture/q56dv0ex/8f5e5710add811ad08c675b0d7d8113bbf0f8132.jpg,KTM 690 cm3 venant de la suisse tr√®s bon √©tat avec cmc jamais rouler au s√©n√©gal
https://www.expat-dakar.com/annonce/honda-cbr-650-r-6206624,Venant,Honda,2020.0,Pikine,2300000,https://i.roamcdn.net/hz/ed/listing-thumb-543w/968c8c62ab94745389d6f6ac0bcef486/-/horizon-files-prod/ed/picture/qv4wx70g/be01bf8bbde610c69b54b9537db0262f23645f1d.jpg,"Je vends ma Honda CBR 650 r avec ligne compl√®te Akra 2020 :transmission. R√©vision compl√®te √† 35 km.papier CMC Si vous √™tes int√©ress√©s ou souhaitez plus d'informations, contactez moi."
https://www.expat-dakar.com/annonce/liberte-3v-6208054,Venant,Piaggio,2015.0,VDN,450000,https://i.roamcdn.net/hz/ed/listing-thumb-543w/c7cffdab9008269b0c7eeac82bee5f46/-/horizon-files-prod/ed/picture/qrz8024n/e90882b0593ae842829d54b5a0b36084ee2f429f.jpg,"Je vends ma Piaggio Liberty 2015 :transmission. R√©vision compl√®te √† 7000 km. Si vous √™tes int√©ress√©s ou souhaitez plus d'informations, contactez moi."
https://www.expat-dakar.com/annonce/moto-africa-twn-model-2023-6189235,Neuf,Honda,2023.0,Sacr√©-c≈ìur,380000,https://i.roamcdn.net/hz/ed/listing-thumb-543w/69524b4021d00d53dd3d8c9977ce7ad3/-/horizon-files-prod/ed/picture/qgqw8m7n/4a558b63dcb97f642f604da3cc1f672aaaff2bd3.jpg,Avendr Africa twn 2023 24000km
https://www.expat-dakar.com/annonce/yamaha-mt-tracer-07-2022-6212290,Venant,Yamaha,2022.0,Castor,2850000,https://i.roamcdn.net/hz/ed/listing-thumb-543w/a459dc673456f635676ab325733056a6/-/horizon-files-prod/ed/picture/qv4wqzg8/35a8f856d9d3d285e0d6e83cc0d3dc8c74f6a430.jpg,"Marque : YAMAHA

Model : MT Tracer 07

Ann√©e : 2022

Kilom√©trage : 15.900km"
https://www.expat-dakar.com/annonce/r-1250-r-6214815,D'occasion,BMW,2020.0,Sicap Libert√©,3000000,https://i.roamcdn.net/hz/ed/listing-thumb-543w/ed460c34363d564740e845fbd2be2bc1/-/horizon-files-prod/ed/picture/qj4qw9wd/2155e8ad169a9fb5d4e7c35e2c45773e59870b1a.jpg,"Je vends ma  R 1250 R ann√©e  2020 : transmission. En tr√©s bon √©tat. Si vous √™tes int√©ress√©s ou souhaitez plus d'informations, contactez moi."
https://www.expat-dakar.com/annonce/bmw-gs-1200-6214845,D'occasion,BMW,2016.0,Karack,2850000,https://i.roamcdn.net/hz/ed/listing-thumb-543w/b15dbd43c8b3eb12d462bb6cb0d2a05b/-/horizon-files-prod/ed/picture/q78wm4rn/3feca8dc606a2ad4368757f23414bf687594daf0.jpg,"Pour cause d√©part je Vend bmw 1200 gs ann√©e 2016 carte grise 42.000 km , crashbar , puce enduro pro"
https://www.expat-dakar.com/annonce/beverly-led-avec-cmc-6215139,Venant,Autre,2012.0,Guediawaye,1350000,https://i.roamcdn.net/hz/ed/listing-thumb-543w/d0c50b327ad0e167227e7015930513f5/-/horizon-files-prod/ed/picture/q2j0dv08/6ab820bdd04ddfa5796e95390d3c4a0aa0cf891e.jpg,"Je vends ma Autre  2012 :transmission. R√©vision compl√®te √† 87000 km. Si vous √™tes int√©ress√©s ou souhaitez plus d'informations, AVEC CMC"
https://www.expat-dakar.com/annonce/vespa-lx-15p-6215835,D'occasion,Piaggio,2016.0,Liberte 5,400000,https://i.roamcdn.net/hz/ed/listing-thumb-543w/f5d01b9aeca24f6e5163a60eb4f9da17/-/horizon-files-prod/ed/picture/qgqw06k2/838850608dbb905ba263c7cfabfd3b6acdbec083.jpg,"Je vends ma Piaggio LX 2016 :transmission. R√©vision compl√®te √†  km. Si vous √™tes int√©ress√©s ou souhaitez plus d'informations, contactez moi."
https://www.expat-dakar.com/annonce/moto-electrique-k202-6216233,Neuf,Autre,2024.0,Liberte 6,526400,https://i.roamcdn.net/hz/ed/listing-thumb-543w/3b99292c4b6f86f114b8e5309f75a4e1/-/horizon-files-prod/ed/picture/qxjpzvxj/bca79509c9082abc11fdd73bfd5d6b0e069034e5.jpg,VISION TRADE GROUP met en vente des motos √©lectriques K202 vitesse 55km/h - sur 60km autonomie
https://www.expat-dakar.com/annonce/scooter-electronique-little-amy-6216240,Neuf,Autre,2024.0,Liberte 6,478000,https://i.roamcdn.net/hz/ed/listing-thumb-543w/236c6f8fbbcae547ab7c51200e1d40e2/-/horizon-files-prod/ed/picture/qde76p42/243384fb5f3f25e38af7ec2391b900cffd4f5265.jpg,D√©couvrez nos scooter de ville √©lectronique Little Amy  Vitesse 50KM/H	ENDURANCE DE CHARGE COMPL√àTE  60KM
https://www.expat-dakar.com/annonce/yamaha-xmax-nouveau-modele-phase3-6217637,Venant,Yamaha,2024.0,Liberte 6 extension,1150000,https://i.roamcdn.net/hz/ed/listing-thumb-543w/a1cb66744b150f4eaf3debad9fc9c257/-/horizon-files-prod/ed/picture/qj4qwn58/f92e806249cd27e53745c825fde044b1a3af75c6.jpg,"Je vends ma Yamaha  2024 :transmission. R√©vision compl√®te √†  km. Si vous √™tes int√©ress√©s ou souhaitez plus d'informations, contactez moi."
https://www.expat-dakar.com/annonce/moto-6212308,Venant,Honda,2009.0,Thi√®s,950000,https://i.roamcdn.net/hz/ed/listing-thumb-543w/d67526399ceb5dd3165886ce9794e63b/-/horizon-files-prod/ed/picture/q8v4dgkr/6156b5f35df484435baadeae28df51196a9da205.jpg,"Je vends ma Honda FJS Silver Wing  :transmission. R√©vision compl√®te √†  km. Si vous √™tes int√©ress√©s ou souhaitez plus d'informations, contactez moi."
https://www.expat-dakar.com/annonce/moto-honda-pcx-2022-toute-neuve-avec-commande-6220212,Neuf,Honda,2022.0,Bel air,1200000,https://i.roamcdn.net/hz/ed/listing-thumb-543w/966c0ff1b849ffaf06857135671e06cb/-/horizon-files-prod/ed/picture/qm5g9pqz/1468727fddcf3675df89a5eb2a92cecb413afeed.jpg,"Je vends ma   2022 :transmission. R√©vision compl√®te √† 0 km. Si vous √™tes int√©ress√©s ou souhaitez plus d'informations, contactez moi."
https://www.expat-dakar.com/annonce/bagger-6220228,Neuf,BMW,2024.0,Ngaparou,17000000,https://i.roamcdn.net/hz/ed/listing-thumb-543w/e9a376bd4ec302e509d49bb3135d764c/-/horizon-files-prod/ed/picture/qwep52x0/c01c6ffd90a1bafe59362e20d082f00174f0e911.jpg,"Je vends ma moto bmw k1600 bagger 2024 . R√©vision compl√®te √† 10000 km. Si vous √™tes int√©ress√©s ou souhaitez plus d'informations, contactez moi."
https://www.expat-dakar.com/annonce/huqsvarna-901-6222198,Neuf,Husqvarna,2024.0,Plateau,6500000,https://i.roamcdn.net/hz/ed/listing-thumb-543w/ff29b458b57f66567ad3c85d3a1e7e8f/-/horizon-files-prod/ed/picture/qrz846e8/1f127a08fc81eb35f70f8d88bda3b41dd7be7f23.jpg,"Je vends NEUVE ma Husqvarna  2024

R√©vision compl√®te √† 500 km.

Si vous √™tes int√©ress√©s ou souhaitez plus d'informations, contactez moi."
https://www.expat-dakar.com/annonce/cfmotor-450-6222196,D'occasion,CF Moto,2020.0,Sebikotane,5500000,https://i.roamcdn.net/hz/ed/listing-thumb-543w/fecb4943d7f61420530c5fcdece6a945/-/horizon-files-prod/ed/picture/q8v4xkwz/c1a1f177dbb06572e79b9ae2737d399fa66fe9d1.jpg,"Je vends mon quad 2 places cFMOTOR 450

Si vous √™tes int√©ress√©s ou souhaitez plus d'informations, contactez moi."
https://www.expat-dakar.com/annonce/a-vendre-vespa-piaggio-50-4temp-6224082,Venant,Piaggio,2010.0,Hann maristes,350000,https://i.roamcdn.net/hz/ed/listing-thumb-543w/810c2aaaebd4f8b61c4607e44e056af1/-/horizon-files-prod/ed/picture/qpdmq7rv/9294e31c8d6c505c483d8a2c5a104c89e3d29bd0.jpg,"Je vends ma Piaggio Super LX 2010 :transmission. R√©vision compl√®te √† 15000 km. Si vous √™tes int√©ress√©s ou souhaitez plus d'informations, contactez moi."
https://www.expat-dakar.com/annonce/ducati-multistrada-pikes-peak-6223910,Neuf,Ducati,2023.0,Plateau,9000000,https://i.roamcdn.net/hz/ed/listing-thumb-543w/34104f6597c0a937201922a65fd1f695/-/horizon-files-prod/ed/picture/qrz84062/cc8308a86f37dc0b2966d373ca2aabe634e756fe.jpg,"Je vends ma Ducati Multistrada 2023 :transmission. R√©vision compl√®te √† 6000 km. Si vous √™tes int√©ress√©s ou souhaitez plus d'informations, contactez moi.

Full option dans un √©tat proche du neuf moto de comp√©tition ligne akrapovic"
https://www.expat-dakar.com/annonce/moto-cross-pour-adultes-6224942,Venant,Autre,2020.0,Almadies 2,750000,https://i.roamcdn.net/hz/ed/listing-thumb-543w/484aa04ff82f83f45c44abf51870b568/-/horizon-files-prod/ed/picture/qenvjmw6/3e5e9f015b29c6365cb7fa14f377a09370c6763b.jpg,"Je vends ma Autre  2020 :transmission. R√©vision compl√®te √†  km. Si vous √™tes int√©ress√©s ou souhaitez plus d'informations, contactez moi."
https://www.expat-dakar.com/annonce/velos-6225465,Neuf,Autre,2024.0,Plateau,30000,https://i.roamcdn.net/hz/ed/listing-thumb-543w/c505c46d1e587be4daaf8b9de9d2a753/-/horizon-files-prod/ed/picture/qzvp5w6k/2101bcdd5cfedb284ab7e5de0cec42158e296216.jpg,"Je vends ma   2024 . R√©vision compl√®te √†  km. Si vous √™tes int√©ress√©s ou souhaitez plus d'informations, contactez moi."
https://www.expat-dakar.com/annonce/kamax-4-enduro-preparee-6171681,Neuf,Autre,2024.0,Saly Portudal,2600000,https://i.roamcdn.net/hz/ed/listing-thumb-543w/23d0176627c022dac85a04bf2e3ae750/-/horizon-files-prod/ed/picture/qj4q5dxv/73e49f1fe5353c929e5205d4c0d68ff03c3542d2.jpg,"Moto belge enduro pr√©par√©e pour tout terrain. Moteur 250cc de 24cv. √âtat neuf, encore dans leurs boites (mont√©e √† l`achat).

-Amortisseur √† gas

-Suspensions renforc√©es et fourche invers√©e.

-Moteur robuste et coupleux

-R√©servoir de 9L

-Pneux cross

-Look agressif et sport"
https://www.expat-dakar.com/annonce/a-vendre-ducati-scrambler-1100-6194012,Venant,Ducati,2021.0,Hann maristes,3000000,https://i.roamcdn.net/hz/ed/listing-thumb-543w/5391a1bd02dc141eeadc2ff867d088ae/-/horizon-files-prod/ed/picture/qm5gn79m/32cc521ef5e977214c3d45f67a10a088da070f7a.jpg,"Je vends ma Ducati Scrambler 2021 :transmission. R√©vision compl√®te √† 20000 km. Si vous √™tes int√©ress√©s ou souhaitez plus d'informations, contactez moi."
https://www.expat-dakar.com/annonce/suzuki-a-vendre-6226294,Venant,Suzuki,2023.0,Diourbel,850000,https://i.roamcdn.net/hz/ed/listing-thumb-543w/e2daf3accac872113d4a485094254f10/-/horizon-files-prod/ed/picture/qwep56rk/0d80b537042423f89d6afa033df3047dda69a1d3.jpg,"Je vends ma Suzuki Burgman 2023 :transmission. R√©vision compl√®te √† 8000 km. Si vous √™tes int√©ress√©s ou souhaitez plus d'informations, contactez moi."
https://www.expat-dakar.com/annonce/trotinette-electrique-6141221,Neuf,Autre,2024.0,Fass,1,https://i.roamcdn.net/hz/ed/listing-thumb-543w/81c481671e0ecfd531e0c475bc8eaf80/-/horizon-files-prod/ed/picture/qzvpp0ex/096121128ab9fce0628978d17bc4d45292d73741.jpg,"Trottinette √©lectrique sport pro et simple. Puissance 350W, autonomie 30km/h; r√©gulateur automatique de puissance .connectivit√© bluetooth; freins m√©canique √† disque."
https://www.expat-dakar.com/annonce/bmw-1200-gs-annee-2017-6227082,D'occasion,BMW,2017.0,Fann,3000000,https://i.roamcdn.net/hz/ed/listing-thumb-543w/f356bc3859c52e13507ef16309e147b9/-/horizon-files-prod/ed/picture/qpdmqezm/d51c7670e04aae0129fb895020ffc55235fac9bc.jpg,"Je vends ma BMW GS ann√©e 2017

transmission. R√©vision compl√®te √†  km. Si vous √™tes int√©ress√©s ou souhaitez plus d'informations, contactez moi."
https://www.expat-dakar.com/annonce/bmw-1200-lt-annee-2008-6227102,D'occasion,BMW,2008.0,Fann,2000000,https://i.roamcdn.net/hz/ed/listing-thumb-543w/c25233aa00adf8ec501fde5294d69302/-/horizon-files-prod/ed/picture/qv4w562p/176b5ab1c1a1c6d435e302dfd719a2a2f1c0ac6d.jpg,"Je vends ma BMW  1200 LT ann√©e 2008 :transmission. R√©vision compl√®te √†  km. Si vous √™tes int√©ress√©s ou souhaitez plus d'informations, contactez moi."
https://www.expat-dakar.com/annonce/cfmoto-400-annee-2020-6227461,Venant,CF Moto,2020.0,Mbour,4750000,https://i.roamcdn.net/hz/ed/listing-thumb-543w/eb6f81b3767b7b0b78019f6c52a46151/-/horizon-files-prod/ed/picture/q2j0nm9g/e901e9079acef506cc117b5c6aa2a425170af9d2.jpg,"Je vends ma CF Moto  2020 :transmission. R√©vision compl√®te √† 1100 km. Si vous √™tes int√©ress√©s ou souhaitez plus d'informations, contactez moi."
https://www.expat-dakar.com/annonce/yamaha-nmax-125-6228004,D'occasion,Yamaha,2017.0,Hann maristes,950000,https://i.roamcdn.net/hz/ed/listing-thumb-543w/e8fa39d2099ad64905a691bb8260a7fc/-/horizon-files-prod/ed/picture/q9mj6eq8/4b92a66311b2be049f3a5a0b884e544cb54ba970.png,"Je vends ma Yamaha NMAX 2017 :transmission. R√©vision compl√®te √† 30000 km. Si vous √™tes int√©ress√©s ou souhaitez plus d'informations, contactez moi."
https://www.expat-dakar.com/annonce/honda-xadv-2019-6215734,Venant,Honda,2019.0,VDN,3500000,https://i.roamcdn.net/hz/ed/listing-thumb-543w/3307fc83afe594d32a8cc4326eccc50b/-/horizon-files-prod/ed/picture/qm5g4wnj/2d98b19137fc7e71c763b053d2c13a25b005f2fe.jpg,"Je vends ma Honda  2019 :transmission. R√©vision compl√®te √†  km. Si vous √™tes int√©ress√©s ou souhaitez plus d'informations, contactez moi.

mode sport pau Acrapovic feux antibrouillards fourche noir full options"
https://www.expat-dakar.com/annonce/africa-twin-2018-6228574,D'occasion,Honda,2018.0,Almadies,3000000,https://i.roamcdn.net/hz/ed/listing-thumb-543w/2e7f09d1ce79cedcc499cce924504c4d/-/horizon-files-prod/ed/picture/q8v4xjq0/aa8512fa9ba71278d39fa516789931a26a9dd723.jpg,"Je vends ma Honda XRV Africa Twin 2018 :transmission. R√©vision compl√®te √† 40000 km. Si vous √™tes int√©ress√©s ou souhaitez plus d'informations, contactez moi."
https://www.expat-dakar.com/annonce/yamaha-fzr-1000-6228502,D'occasion,Yamaha,2005.0,Djily mbaye,500000,https://i.roamcdn.net/hz/ed/listing-thumb-543w/6312cc7eb04a356acb8daf063c5460c9/-/horizon-files-prod/ed/picture/qv4w526j/b36aef9237a2d9620727d0d1ec5d2bc7d38aee1f.jpg,"Je vends ma Yamaha Fzr 1000 de 2005. Elle n'a pas de carte grise mais je peux faire un acte de vente. Moteur bon √©tat, elle roule bien juste √† changer les carburateurs."
https://www.expat-dakar.com/annonce/ducati-multistrada-950s-6118308,Venant,Ducati,2023.0,Hann maristes,2700000,https://i.roamcdn.net/hz/ed/listing-thumb-543w/11fadd8ed0c81ace2307643788d1bfa3/-/horizon-files-prod/ed/picture/q8v4z2zj/e42ab29db72ebb5a8a09b4d2192a3fe624e38391.jpg,"Je vends ma Ducati  2023 :transmission. R√©vision compl√®te √† 14000 km. Si vous √™tes int√©ress√©s ou souhaitez plus d'informations, contactez moi."
https://www.expat-dakar.com/annonce/quad-cf-moto-800-parfait-etat-6230160,D'occasion,CF Moto,2013.0,Saly,4000000,https://i.roamcdn.net/hz/ed/listing-thumb-543w/6776669a272dad1a816fc872e2676311/-/horizon-files-prod/ed/picture/qpdm5wgw/8af1d2b96b1044d3c9ac0a5d6f62e1dbb5d45dcb.jpg,"Je vends ma   2013 :transmission. R√©vision compl√®te √†  km. Si vous √™tes int√©ress√©s ou souhaitez plus d'informations, contactez moi."
https://www.expat-dakar.com/annonce/moto-700cl-x-6230348,Neuf,CF Moto,2023.0,Almadies,3000000,https://i.roamcdn.net/hz/ed/listing-thumb-543w/7459d86fcbe82a69550d0b05623c5bd6/-/horizon-files-prod/ed/picture/q9mj282x/60b0d0e08ff97bfb901c39f1c785d3c9be2c7f38.jpg,"Je vends ma CF Moto  2023 :transmission. R√©vision compl√®te √† 6105 km. Si vous √™tes int√©ress√©s ou souhaitez plus d'informations, contactez moi."
https://www.expat-dakar.com/annonce/beverly-venant-moteur-250-avec-cmc-6213096,Venant,Piaggio,2024.0,Dieuppeul,950000,https://i.roamcdn.net/hz/ed/listing-thumb-543w/035d0b48ee77a601f2d5c80013409d20/-/horizon-files-prod/ed/picture/q8v4dnqn/d88579f2fc79871621eb0857b169aa3132c461ab.jpg,Beverly venant
https://www.expat-dakar.com/annonce/casque-integrale-double-visiere-6233012,Neuf,Autre,2024.0,Colobane,25000,https://i.roamcdn.net/hz/ed/listing-thumb-543w/0f97d2629de802f2b2bbe37419bc16b5/-/horizon-files-prod/ed/picture/qm5gkjrw/2a98a5c08ebfaed20a08e1826cad1ea81a49aa2a.jpg,"Je vends ma    . R√©vision compl√®te √†  km. Si vous √™tes int√©ress√©s ou souhaitez plus d'informations, contactez moi."
https://www.expat-dakar.com/annonce/kawazaki-kx-85-6233419,Venant,Kawasaki,2011.0,Pikine,1000000,https://i.roamcdn.net/hz/ed/listing-thumb-543w/030e7faaf1c56545468a80498aee3bf6/-/horizon-files-prod/ed/picture/q56d2z7p/39c40f707d434c9bc69f4aeeb5d8719474fceba0.jpg,"Je vends ma Kawasaki KX 85 cm3 2011 :transmission. R√©vision compl√®te √† 00 km. Si vous √™tes int√©ress√©s ou souhaitez plus d'informations, contactez moi."
https://www.expat-dakar.com/annonce/ktm-smcr-6233432,Neuf,KTM,2017.0,Pikine,2400,https://i.roamcdn.net/hz/ed/listing-thumb-543w/c7bf4056a956b09371157e4e457b535e/-/horizon-files-prod/ed/picture/qrz8kjd9/543c39101581f1fa437447b533898950e66bf7ff.jpg,"Je vends ma KTM SMCr 690 2017 :transmission. R√©vision compl√®te √† 14 km. Si vous √™tes int√©ress√©s ou souhaitez plus d'informations, contactez moi.

KTM 690 SMC R"
https://www.expat-dakar.com/annonce/yamaha-ybr-125-6233562,D'occasion,Yamaha,2020.0,Sicap Sacr√©-c≈ìur,400000,https://i.roamcdn.net/hz/ed/listing-thumb-543w/e3e02cfbb8e58c97708350da2c3cb2d6/-/horizon-files-prod/ed/picture/qde7zn9g/83dce0e79fee879451e7d48956b6156a1c5d5ca9.jpg,"Je vends ma Yamaha YBR 2020 :transmission. R√©vision compl√®te √†  km. Si vous √™tes int√©ress√©s ou souhaitez plus d'informations, contactez moi."
https://www.expat-dakar.com/annonce/bmw-hp-6233643,Venant,BMW,2020.0,Pikine,4700,https://i.roamcdn.net/hz/ed/listing-thumb-543w/726b153d923d633a672e81775d3ccbd6/-/horizon-files-prod/ed/picture/qzvpqxxx/9bf7dcd2c0612c368dd89b0a8dbaf0236499e494.jpg,"Je vends ma BMW R 1250 Adventure 2020 :transmission. R√©vision compl√®te √† 44 km. Avec papier Si vous √™tes int√©ress√©s ou souhaitez plus d'informations, contactez moi."
https://www.expat-dakar.com/annonce/xmax-250-injection-nouveau-modele-6223985,Venant,Yamaha,2012.0,Liberte 6 extension,975000,https://i.roamcdn.net/hz/ed/listing-thumb-543w/b319d5483bf2d1262b147223df641cbb/-/horizon-files-prod/ed/picture/q56d85vg/44add6fcfe7bde7d16021e70870d7d50fe6c2839.jpg,"Je vends ma Yamaha  2012 :transmission. R√©vision compl√®te √†  km. Si vous √™tes int√©ress√©s ou souhaitez plus d'informations, contactez moi."
https://www.expat-dakar.com/annonce/bmw-f850gs-adv-40th-anniversaire-6236408,Neuf,BMW,2021.0,Yoff,2800000,https://i.roamcdn.net/hz/ed/listing-thumb-543w/b49cdc8f77ccbb05acb91895b8b0525a/-/horizon-files-prod/ed/picture/q8v4285z/2c4512b87db3dba771d4ede683e75ce547ab4c7f.jpg,"Je vends ma BMW F 2021 :transmission. R√©vision compl√®te √† 27000 km. Si vous √™tes int√©ress√©s ou souhaitez plus d'informations, contactez moi."
https://www.expat-dakar.com/annonce/can-am-ryker-rallye-6203710,D'occasion,Can Am,2019.0,Liberte 3,45000000,https://i.roamcdn.net/hz/ed/listing-thumb-543w/d413cee8ba796fb0ed76bf62b60d4b2a/-/horizon-files-prod/ed/picture/qrz85k49/2bd6bdeb41661144c8fc8d1ba5ae9386bde5adb7.jpg,"Je vends deux mod√®le can am ryker rallye 2019 chaque v√©hicule a maximum 5000klm, niveau administration les CMC on √©tait faite le d√©douanement aussi il manque plu qu'√† faire les d√©marches pour effectuer les carte grise.

Le prix indiqu√© et le prix de chaque moto vendu seule."
https://www.expat-dakar.com/annonce/casque-moto-vega-jet-6227592,Neuf,Italjet,2024.0,Castor,26500,https://i.roamcdn.net/hz/ed/listing-thumb-543w/0eda6574dcdc7bd377dcfd3880b25cac/-/horizon-files-prod/ed/picture/q9mj67pn/5e34b66f3b7f6c2ad492562c480f49d20b63ce34.jpg,Casque Moto Vega Jet homologu√© ISI Inde et DOT am√©ricain
https://www.expat-dakar.com/annonce/x-adv-2023-6183499,Venant,Honda,2023.0,Plateau,4850000,https://i.roamcdn.net/hz/ed/listing-thumb-543w/335605f6d562bc19c257b41ae80ce0d3/-/horizon-files-prod/ed/picture/qxjpkmr2/d1b32ef2aa171aebdf9d7f5d907f62c31fc0f081.jpg,"X Adv 750cm3 venant  2023 avec 6700 km au compteur avec cmc. Prix n√©gociable, pour plus d'informations, contactez moi."
https://www.expat-dakar.com/annonce/vente-africa-twin-2022-6234437,Neuf,Honda,2022.0,Guediawaye,4500000,https://i.roamcdn.net/hz/ed/listing-thumb-543w/a026716310b98aa12b8157c711c18af6/-/horizon-files-prod/ed/picture/qj4qdw4w/e19760fcf39c4fff2c5fd28e74496941084a2053.jpg,"Africa Twin CRF 1100 avec 3 valises

Promo de fin d'ann√©e belle moto gar√©e et b√¢ch√©e.

En excellent √©tat, tr√®s propre avec papier complet: carte √† grise et assurance."
https://www.expat-dakar.com/annonce/harley-davidson-48-de-2016-6221740,Venant,Harley Davidson,2016.0,Almadies,13500000,https://i.roamcdn.net/hz/ed/listing-thumb-543w/0ca13e926753d7dcf64b6a6cbbccdfaf/-/horizon-files-prod/ed/picture/qde7j082/4bd6e4355141bd290834af169527dbc9ece4e020.jpg,"Je mets en vente ma magnifique Harley-Davidson Forty-Eight 1200 cc de 2016. Cette moto est en excellent √©tat, parfaitement entretenue et pr√™te √† offrir une exp√©rience de conduite inoubliable. Elle allie le style r√©tro embl√©matique de Harley avec des performances robustes. R√©vision r√©cente effectu√©e chez Harley Davidson Australie (Gold Coast), pneus neuf, toujours entrepos√©e dans un garage √† l'abri des intemp√©ries. Moto customis√©e id√©ale pour les passionn√©s et pour ceux qui veulent d√©couvrir l'univers Harley Davidson avec un mod√®le embl√©matique. Si vous √™tes int√©ress√©s contactez moi."
https://www.expat-dakar.com/annonce/scooter-a-vendre-6235406,Venant,Suzuki,2004.0,Sicap foire,750000,https://i.roamcdn.net/hz/ed/listing-thumb-543w/fc883d9e5e87808f96313dcfdfbcd828/-/horizon-files-prod/ed/picture/qwep99e5/389a9e364fff1d2e8969694089f9c7e6f7df5376.jpg,"Je vends ma Suzuki Burgman 2004 :transmission. R√©vision compl√®te √†  km. Si vous √™tes int√©ress√©s ou souhaitez plus d'informations, contactez moi."
https://www.expat-dakar.com/annonce/scooter-x-max-250-injection-6237029,D'occasion,Yamaha,2015.0,Colobane,750000,https://i.roamcdn.net/hz/ed/listing-thumb-543w/5aba13086a6486f2605f539048383dca/-/horizon-files-prod/ed/picture/qq42kr6w/dd6e75373e99a7ad58761eb7f59ceb98af093840.jpg,"Je vends ma    . R√©vision compl√®te √†  km. Si vous √™tes int√©ress√©s ou souhaitez plus d'informations, contactez moi."
https://www.expat-dakar.com/annonce/mt-07-tracer-2022-6237397,Venant,Yamaha,2022.0,Fann Hock,2865000,https://i.roamcdn.net/hz/ed/listing-thumb-543w/4197f2f53893630438e4aa2984535665/-/horizon-files-prod/ed/picture/q44n2vn4/c7c3d881a43701b324b6da15f4e895b0ee9b81d6.jpg,"Je vends ma Yamaha MT 2022 :transmission. R√©vision compl√®te √† 1300 km

Mt 07 tracer venant en parfait √©tat moin de 2 mil km, avec ligne standard et une  ligne akrapovic comp√©tition ,moto maniable ,puissante et l√©g√®re vendue avec CMC et possibilit√© de mutation

. Si vous √™tes int√©ress√©s ou souhaitez plus d'informations, contactez moi."
https://www.expat-dakar.com/annonce/veste-et-gants-motards-6237401,Neuf,Beta,2024.0,Castor,1,https://i.roamcdn.net/hz/ed/listing-thumb-543w/e1a3906eeac9fc250d89c4c412c9996a/-/horizon-files-prod/ed/picture/q78wdzwj/dfb44a63e5ea8ffdcd373fc25ebbf3b504e2a2af.jpg,Veste et gants de protection motards.
https://www.expat-dakar.com/annonce/scooter-6237688,Venant,Vespa,2017.0,Plateau,900000,https://i.roamcdn.net/hz/ed/listing-thumb-543w/ca309b18879560ecd1db15913125ad2e/-/horizon-files-prod/ed/picture/q6xd299n/5265016f968331fd0e0ade494f42241d9327f0d8.jpg,"Je vends ma Vespa Vespa 2017 :transmission. R√©vision compl√®te √†  km. Si vous √™tes int√©ress√©s ou souhaitez plus d'informations, contactez moi."
https://www.expat-dakar.com/annonce/burgumane-6238801,Venant,Suzuki,2017.0,Parcelles Assainies,275000,https://i.roamcdn.net/hz/ed/listing-thumb-543w/71f0490dc26c51e6727f7d1d2c1e4c50/-/horizon-files-prod/ed/picture/q78wdk8e/25f42286087325768e5edc980946e5718a87d653.jpg,"Je vends ma Suzuki Burgman  :transmission. R√©vision compl√®te √†  km. Si vous √™tes int√©ress√©s ou souhaitez plus d'informations, contactez moi."
https://www.expat-dakar.com/annonce/trotinette-electrique-6239614,Venant,Autre,2024.0,Parcelles Assainies,25,https://i.roamcdn.net/hz/ed/listing-thumb-543w/07a6fdfde97c1965c309ca19d3d6f57b/-/horizon-files-prod/ed/picture/qkr8d9zj/c08b664c0ed56a7cbab2b74f0f1c32737fb1de68.jpg,"Je vends ma   2024 . R√©vision compl√®te √†  km. Si vous √™tes int√©ress√©s ou souhaitez plus d'informations, contactez moi."
https://www.expat-dakar.com/annonce/africa-twin-6240173,Venant,Honda,2022.0,M√©dina,6000000,https://i.roamcdn.net/hz/ed/listing-thumb-543w/8dac04c9cff4dcbd298501562b4c462d/-/horizon-files-prod/ed/picture/qq42xqmz/7929dc7c6314ff80539253f4f0ff4e23f8941891.jpg,"Je vends ma   Moto  Africa twin 2022 :transmission. R√©vision compl√®te √† 36000 km. Si vous √™tes int√©ress√©s ou souhaitez plus d'informations, contactez moi."
https://www.expat-dakar.com/annonce/velo-electrique-neuf-6241020,Neuf,Autre,2023.0,Plateau,300000,https://i.roamcdn.net/hz/ed/listing-thumb-543w/fa22cb8db7203ad8edc8e77a943f400d/-/horizon-files-prod/ed/picture/qenvz5zk/db22b1e19fdabea5090ff42311f102b4c0b52133.jpg,"JE VENDS DES V√âLOS √âLECTRIQUES NEUFS

√Ä 0 km.

Si vous √™tes int√©ress√©s ou souhaitez plus d'informations, contactez moi."
https://www.expat-dakar.com/annonce/moto-africa-twin-6241476,D'occasion,Honda,2016.0,Ngaparou,3500000,https://i.roamcdn.net/hz/ed/listing-thumb-543w/da915a5d70d58bad529b223a43574f5d/-eyJvciI6MH0%3D/horizon-files-prod/ed/picture/qrz8mvk5/3ef9bba04356aeb6bcbf06d7bd0f7a809c224e21.jpg,"Je vends ma Honda XRV Africa Twin 2016 :transmission. R√©vision compl√®te √† 45700 km. Si vous √™tes int√©ress√©s ou souhaitez plus d'informations, contactez moi."
https://www.expat-dakar.com/annonce/nine-t-6241860,Venant,BMW,2020.0,Hann marinas,3100000,https://i.roamcdn.net/hz/ed/listing-thumb-543w/9fb04f467b7c6e31b8026c398837091f/-/horizon-files-prod/ed/picture/qpdmrmjx/7540cd860afd2cbd5b615256b7fabc2bcc75e55b.jpg,"Je vends ma BMW R nine t 1200cc ann√©e 2020 :transmission. R√©vision compl√®te √† 3000 km. Si vous √™tes int√©ress√©s ou souhaitez plus d'informations, contactez moi."
https://www.expat-dakar.com/annonce/yamaha-tenere-6242097,Neuf,Yamaha,2020.0,Guediawaye,5200000,https://i.roamcdn.net/hz/ed/listing-thumb-543w/b86e257383de12b607fa7e0dc4460bcf/-/horizon-files-prod/ed/picture/q44nwnz9/da5039d5ef0786870fc083c6a7a1f1ac490abd1a.jpg,üö® En vente chez Kouwagne Business Enterprise : Yamaha T√©n√©r√© 700cc 2022 ! üö®
https://www.expat-dakar.com/annonce/ducati-6242193,Venant,Ducati,2022.0,Guediawaye,3800000,https://i.roamcdn.net/hz/ed/listing-thumb-543w/91be05bdce4e3ff68428178eb3a8a04b/-/horizon-files-prod/ed/picture/qngp89dg/08ba14e6836d382ee192fab3ce21a7f3e5cdc9cf.jpg,üö® En vente chez Kouwagne Business Enterprise : Ducati Multistrada 950 S üö®
https://www.expat-dakar.com/annonce/piaggo-typhon-50cc-6242732,Venant,Piaggio,2016.0,Guediawaye,300000,https://i.roamcdn.net/hz/ed/listing-thumb-543w/e1a0d5d3a768898678c5e7a0799513a8/-/horizon-files-prod/ed/picture/qrz8mn84/c7cacf955e66d77a3fc72fe13367c00f0861e74f.jpg,"Je vends ma Piaggio Piaggio 2016 :transmission. R√©vision compl√®te √† 13579 km. Si vous √™tes int√©ress√©s ou souhaitez plus d'informations, contactez moi."
https://www.expat-dakar.com/annonce/piaggo-zip-100cc-avec-cmc-6242736,Venant,Piaggio,2020.0,Guediawaye,290000,https://i.roamcdn.net/hz/ed/listing-thumb-543w/baa5ba51b3310100c8603c1b95770565/-/horizon-files-prod/ed/picture/qkr8np8z/b7a97ce7e5f077fe2a169abc61b62ac92391fadb.jpg,"Je vends ma Piaggio Zip 2020 :transmission. R√©vision compl√®te √† 16283 km. Si vous √™tes int√©ress√©s ou souhaitez plus d'informations, contactez moi."
https://www.expat-dakar.com/annonce/beverly-200cc-6242860,Venant,Piaggio,2018.0,Guediawaye,550000,https://i.roamcdn.net/hz/ed/listing-thumb-543w/6989a0eb7e7e476d6352268af1cf006e/-/horizon-files-prod/ed/picture/qpdmr02j/3e49a9c3bee840e8b9df56b343988a5e5a7dc830.jpg,"Je vends ma Piaggio Beverly 2018 :transmission. R√©vision compl√®te √† 1079 km. Si vous √™tes int√©ress√©s ou souhaitez plus d'informations, contactez moi."
https://www.expat-dakar.com/annonce/aprilia-factory-50cc-6242857,Venant,Aprilia,2020.0,Pikine,320000,https://i.roamcdn.net/hz/ed/listing-thumb-543w/219c5526d9990285a8586295252f40a3/-/horizon-files-prod/ed/picture/qgqw7pzm/993dc97bfe6983aa5149465df1761ab7e58b16dc.jpg,üö® Nouvelle annonce exclusive chez Kouwagne Business Enterprise ! üö®
https://www.expat-dakar.com/annonce/vespa-lx-50cc-2-temps-6242743,Neuf,Vespa,2021.0,Guediawaye,295000,https://i.roamcdn.net/hz/ed/listing-thumb-543w/a5f8ab029816c92b084bf9549ddc61d9/-/horizon-files-prod/ed/picture/qzvpwz8v/1ead684da798236d596124ea112f3e9d24cce40e.jpg,üì£a VESPA LX 50CC 2 TEMPS  üõµ‚ú®
https://www.expat-dakar.com/annonce/xmax-250-injection-nouveau-modele-6243625,Neuf,Yamaha,2024.0,Liberte 6 extension,975000,https://i.roamcdn.net/hz/ed/listing-thumb-543w/185e4f5ead6c6d0f2dc820843d7dcb1a/-/horizon-files-prod/ed/picture/q0g7v9gw/1da810d7247f9ee28929a5ddb733f2809bfec212.jpg,"Je vends ma Yamaha  2024 :transmission. R√©vision compl√®te √†  km. Si vous √™tes int√©ress√©s ou souhaitez plus d'informations, contactez moi."
https://www.expat-dakar.com/annonce/yamaha-450-yzf-2023-6243953,D'occasion,Yamaha,2023.0,Virage,4000000,https://i.roamcdn.net/hz/ed/listing-thumb-543w/2250d18180459bf9000afa519e2c230c/-/horizon-files-prod/ed/picture/q44nw6g4/3d62e3ac347b0ac2c6bafb862afa0a41c74d5b66.jpg,Yamaha 450 YZF 2023 achet√© neuve chez Yamaha cfao S√©n√©gal.
https://www.expat-dakar.com/annonce/piaggo-6244543,Venant,Piaggio,2007.0,Guediawaye,150000,https://i.roamcdn.net/hz/ed/listing-thumb-543w/7ef80b39ddd3e2b92cfb56eeb414eeb5/-/horizon-files-prod/ed/picture/qzvpwx7n/288597d89f3a00dc8c412d9a01d155644ad2f235.jpg,üö® √Ä VENDRE : Scooter Piaggio Liberty 50cc 2 Temps üö®
https://www.expat-dakar.com/annonce/moto-electrique-6243845,Neuf,Autre,2024.0,Plateau,850000,https://i.roamcdn.net/hz/ed/listing-thumb-543w/ea45d8a051072b29f65a45d8a22f8e89/-/horizon-files-prod/ed/picture/q78w40m5/43d390ef545951186e0694ab7fb52922a1f0b465.jpg,Je vends moto √©lectrique avec betterie lithium d'une autonomie de 120km
https://www.expat-dakar.com/annonce/suzuki-65-cross-6244730,Venant,Suzuki,2023.0,Patte d‚Äòoie,450000,https://i.roamcdn.net/hz/ed/listing-thumb-543w/d115c44d0b84a94ed4ce1c602718da55/-/horizon-files-prod/ed/picture/q8v4rnk9/c3fa1940dab6cd9be3598b92f3c0a80425a360a6.jpg,"suzuki 65 cross automatique a vendre pour enfants

R√©vision compl√®te √†  km. Si vous √™tes int√©ress√©s ou souhaitez plus d'informations, contactez moi."
https://www.expat-dakar.com/annonce/yamaha-125-cross-enduro-6244736,Venant,Yamaha,2023.0,Patte d‚Äòoie,680000,https://i.roamcdn.net/hz/ed/listing-thumb-543w/d033aba3df146a90aea74349ae63aef0/-/horizon-files-prod/ed/picture/qkr8n26n/1f399ef02e3ee08ed16a73b9852541adfe3141d3.jpg,"Je vends ma Yamaha 125 cross eudero kic m√™me moteur que les ybr

Si vous √™tes int√©ress√©s ou souhaitez plus d'informations, contactez moi."
https://www.expat-dakar.com/annonce/moto-husqvarna-tres-propre-6245094,Venant,Husqvarna,2019.0,Saly Portudal,1900000,https://i.roamcdn.net/hz/ed/listing-thumb-543w/cb5548abd8b168cb8f8af48fa88cbe63/-/horizon-files-prod/ed/picture/qwep08ed/28c8004bc0984c13bca0c082facdd42951ce74f2.jpg,"Je vends ma Husqvarna vitpilen 701de  2019 :transmission. R√©vision compl√®te √† 7800 km. Si vous √™tes int√©ress√©s ou souhaitez plus d'informations, contactez moi."
https://www.expat-dakar.com/annonce/liberty125-saaraba-6168841,D'occasion,Piaggio,2008.0,Ouest foire,220000,https://i.roamcdn.net/hz/ed/listing-thumb-543w/a736530e0b0e4c7a81aa46cad212f7e6/-/horizon-files-prod/ed/picture/q56drr5e/aa8bf3b99055bbc5d0ba49ccb33248fafbc0bb0b.jpg,"Je vends ma Piaggio Liberty 2008 : Tout propre avec ses papiers.

Si vous √™tes int√©ress√©s ou souhaitez plus d'informations, contactez moi."
https://www.expat-dakar.com/annonce/kymco-like-125cc-6144744,Venant,Kymco,2024.0,Pikine,525000,https://i.roamcdn.net/hz/ed/listing-thumb-543w/e2f834f2be757c193876070b9536a76f/-/horizon-files-prod/ed/picture/q6xdqxj4/aaec4e39bcbcf5ea9ebf695b7c42f05aed5768b4.jpg,"Kymco like 125cc venant jamais rouler ici avec papiers,  car√©nage propre et complet."
https://www.expat-dakar.com/annonce/suzuki-burgman-250cc-6186801,Venant,Suzuki,2024.0,Pikine,575000,https://i.roamcdn.net/hz/ed/listing-thumb-543w/50c3274e064a7970898f3fa923e82442/-/horizon-files-prod/ed/picture/q78wgv4j/de61e9e51a92c532f4711a44e3ece672fc4a304b.jpg,"Suzuki burgman 250cc, venant jamais rouler ici avec papiers, moteur en parfait √©tat"
https://www.expat-dakar.com/annonce/tracer-9-gt-2023-neuve-6154145,Neuf,Yamaha,2023.0,Plateau,4500000,https://i.roamcdn.net/hz/ed/listing-thumb-543w/a958ed7c199ab6c519c294def8afbaec/-/horizon-files-prod/ed/picture/q78wjn5e/6aa7d45327513e407c74648c2d134f3224996b9c.jpg,Yamaha Tracer 9 GT 2023 couleur Pure White‚ö™Ô∏è Neuve m√™me pas encore rod√©e AV:
https://www.expat-dakar.com/annonce/yamaha-xtr660-6207504,Venant,Yamaha,2006.0,Plateau,2100000,https://i.roamcdn.net/hz/ed/listing-thumb-543w/48afd727bf1122d437c0d95cf0286ba7/-/horizon-files-prod/ed/picture/q9mjw4g5/faf2135ca284c1c98b4aeb4c93f4c212c6cafe82.jpg,"Je vends ma Yamaha XT 2006 :transmission. R√©vision compl√®te √† 16000 km. Si vous √™tes int√©ress√©s ou souhaitez plus d'informations, contactez moi."
https://www.expat-dakar.com/annonce/scooter-x-city-250-cm3-avec-carte-grise-a-vendre-6243720,R√©conditionn√©,Yamaha,2010.0,Cit√© Damel,700000,https://i.roamcdn.net/hz/ed/listing-thumb-543w/33df5c7cb9cdb3fede0b3507a7ee6192/-/horizon-files-prod/ed/picture/qenvzxr2/e470889c8b5625cb1c6a0913d35ff8046e29a4a3.jpg,"Je vends ma Yamaha X-City  250 cm3  avec sa carte grise. Si vous √™tes int√©ress√©s ou souhaitez plus d'informations, contactez moi"
https://www.expat-dakar.com/annonce/scouteur-suzuki-6244337,Venant,Suzuki,2017.0,Parcelles Assainies,350000,https://i.roamcdn.net/hz/ed/listing-thumb-543w/d1df718e8689e6f6480e8407a17d6773/-/horizon-files-prod/ed/picture/qj4q9zww/073aa870ec47a0e1a3295e517f6491abbd9dac4c.jpg,"Je vends ma Suzuki Burgman 2017 :transmission. R√©vision compl√®te √† 1966737 km. Si vous √™tes int√©ress√©s ou souhaitez plus d'informations, contactez moi. Avec papier CMC"
https://www.expat-dakar.com/annonce/africa-twin-2019-serie-speciale-anniversaire-6248404,D'occasion,Honda,2019.0,Saly,2500000,https://i.roamcdn.net/hz/ed/listing-thumb-543w/f3b67e278ba4052510851838c9bdd116/-/horizon-files-prod/ed/picture/q9mjxqpn/2e099f3b156e3ced63e71df0fe6afefeaf96086c.jpg,"S√©rie sp√©ciale, tr√®s peu roul√©e (d√©battements de suspensions plus grands, selle plate, bulle haute et r√©servoir d'essence √† la capacit√© augment√©e) A voir √† Saly, chez Doc riders (les appeler directement)."
https://www.expat-dakar.com/annonce/yzf-250-2021-a-vendre-6248648,D'occasion,Yamaha,2021.0,Bargny,3000000,https://i.roamcdn.net/hz/ed/listing-thumb-543w/0ffc547d9f6a74224b1073a522f857cf/-/horizon-files-prod/ed/picture/q9mjx7gw/b58e733e261bcb84e0704d734a9ae64a52846e20.jpg,"Je vends ma yzf 250 2021 . Moto en r√®gle. Si vous √™tes int√©ress√©s ou souhaitez plus d'informations, contactez moi."
https://www.expat-dakar.com/annonce/yzf-450-2017-a-vendre-6248643,D'occasion,Yamaha,2017.0,Bargny,2500000,https://i.roamcdn.net/hz/ed/listing-thumb-543w/e027a1587a87f2582848c444d9f0cffb/-/horizon-files-prod/ed/picture/qzvpwmx8/cc0cbec8c23c97b48e73b67847b4327b07c8d8fa.jpg,"Je vends ma yzf 450 2017. Moto en r√®gle. Si vous √™tes int√©ress√©s ou souhaitez plus d'informations, contactez moi."
https://www.expat-dakar.com/annonce/malaguiti-f12r-50-a-vendre-6248637,D'occasion,Malaguty,2013.0,Plateau,280000,https://i.roamcdn.net/hz/ed/listing-thumb-543w/5cb272904cb6be17cb0a8833c516f15a/-/horizon-files-prod/ed/picture/qj4q9kxv/89e93efb83f25ab48137b6d088930fb9213d74d4.jpg,"Je vends mon malaguiti f12r 50 de 2013 . Scooter d√©j√†  Immatricul√©e .Si vous √™tes int√©ress√©s ou souhaitez plus d'informations, contactez moi."
https://www.expat-dakar.com/annonce/beverly-toureur-250c-6248735,D'occasion,Autre,2023.0,Plateau,750000,https://i.roamcdn.net/hz/ed/listing-thumb-543w/98a7a460c7d49a54e30c75c155af3b5c/-/horizon-files-prod/ed/picture/qgqw7xk8/6c0a6ab22626c5c7a5c7d20168bbbf093b694956.jpg,"Je vends ma Moto 2 roues  Beverly toureur 250C  . R√©vision compl√®te √†  km. Si vous √™tes int√©ress√©s ou souhaitez plus d'informations, contactez moi."
https://www.expat-dakar.com/annonce/tenere-6248904,Venant,Yamaha,2023.0,Parcelles Assainies,5000000,https://i.roamcdn.net/hz/ed/listing-thumb-543w/d90c326f5f8dab3f0e23d862bc3c498d/-/horizon-files-prod/ed/picture/q9mjx748/316c714895054f1e69eecd89d02aae106ddd863c.jpg,"yamaha tenere 700 World Raid venant

Ann√©e 2023

2 r√©servoir"
https://www.expat-dakar.com/annonce/buggy-2013-6181763,D'occasion,Volkswagen,2013.0,Mbour,2979996,https://i.roamcdn.net/hz/ed/listing-thumb-543w/45f07e852503044eba977f13e00ffc72/-/horizon-files-prod/ed/picture/q56dz8pp/5229e1ec75f9842f46fa812a29a7f24e273a469f.jpg,"Je vends ma Volkswagen  2013 :transmission. R√©vision compl√®te √† 91850 km. Si vous √™tes int√©ress√©s ou souhaitez plus d'informations, contactez moi."
https://www.expat-dakar.com/annonce/quad-yamaha-grizzly-600-6039493,D'occasion,Yamaha,2013.0,Mbour,2450000,https://i.roamcdn.net/hz/ed/listing-thumb-543w/584b5cc81d28c0150a78eb639991deec/-/horizon-files-prod/ed/picture/qngxep7w/3b0536f3138b266089bc0ca6bd47ff8f703cebd2.jpg,"Je vends ma Yamaha  2013 :transmission. R√©vision compl√®te √† 15000 km. Si vous √™tes int√©ress√©s ou souhaitez plus d'informations, contactez moi."
https://www.expat-dakar.com/annonce/honda-africa-twin-1100-6250894,Venant,Honda,2023.0,Hann maristes,4900000,https://i.roamcdn.net/hz/ed/listing-thumb-543w/f2a12a990aa566207509150a796a944e/-/horizon-files-prod/ed/picture/qwepxee5/b39c25db1ed9683836d794d7d358a26ea7a65d28.jpg,"Je vends ma Honda XRV Africa Twin 2023 :transmission. R√©vision compl√®te √† 20000 km. Si vous √™tes int√©ress√©s ou souhaitez plus d'informations, contactez moi."
https://www.expat-dakar.com/annonce/casque-ls2-valiant2-original-6251893,Neuf,CPI,2023.0,M√©dina,250000,https://i.roamcdn.net/hz/ed/listing-thumb-543w/847e00a03db620be79e2ca182d841868/-/horizon-files-prod/ed/picture/qngpvxdr/21a191c87fc2dd0a83d0b6b3f4af776b460af8ca.jpg,"Je vends ma   2023 :transmission. R√©vision compl√®te √† 0 km. Si vous √™tes int√©ress√©s ou souhaitez plus d'informations, contactez moi."
https://www.expat-dakar.com/annonce/moto-electrique-pour-enfant-6243826,Neuf,Autre,2024.0,Grand-Yoff,80000,https://i.roamcdn.net/hz/ed/listing-thumb-543w/e36c2b143243a7676b8e09a9f62087cb/-/horizon-files-prod/ed/picture/q9mjxnw5/723c57b5bf229a1431290193fa5d7122d0e970be.jpg,"Je vends mes moto √âlectrique pour enfant de 3ans √† 7ans 00km . Si vous √™tes int√©ress√©s ou souhaitez plus d'informations, contactez moi.

Stock limit√©!"
https://www.expat-dakar.com/annonce/moto-tricycle-200-a-eau-6252257,Neuf,Autre,2025.0,Zone industrielle,1,https://i.roamcdn.net/hz/ed/listing-thumb-543w/75d7168c69a99816e3d997c59e580051/-/horizon-files-prod/ed/picture/qgqwr9n0/217cd74921bc03279b2787d35b164cd0b47bfb2d.jpg,"Je vends ma   2025 . R√©vision compl√®te √† 60 km. Si vous √™tes int√©ress√©s ou souhaitez plus d'informations, contactez moi."
https://www.expat-dakar.com/annonce/1250gs-6253137,D'occasion,BMW,2019.0,Mermoz,4200000,https://i.roamcdn.net/hz/ed/listing-thumb-543w/825337a8a83edf8406dd7fab43aed0bd/-/horizon-files-prod/ed/picture/qj4qg6gw/51c38e0a9c3893c40afb94765aa81d5a4ad71951.jpg,"Je vends ma  moto 1250gs 2019 . R√©vision compl√®te √† 20000 km. √âtat comme neuve. Si vous √™tes int√©ress√©s ou souhaitez plus d'informations, contactez moi."
https://www.expat-dakar.com/annonce/honda-pcx-6253752,Venant,Honda,2019.0,Fann,900000,https://i.roamcdn.net/hz/ed/listing-thumb-543w/330d2618ff65a67d9e57d32d71ac7e2a/-/horizon-files-prod/ed/picture/q8v48pqn/e133a41878d35a34b9c991de35f85bb07b4e186f.jpg,"Je vends ma Honda PCX  :transmission. R√©vision compl√®te √† 79000 km. Si vous √™tes int√©ress√©s ou souhaitez plus d'informations, contactez moi."
https://www.expat-dakar.com/annonce/honda-forza-250-a-vendre-6254379,Venant,Honda,2020.0,Guediawaye,900000,https://i.roamcdn.net/hz/ed/listing-thumb-543w/74bc969c779e1dbd99a27b5c8ebd7cd9/-/horizon-files-prod/ed/picture/qgqwrdm2/eb19424b3eb481a618af734d2ac3b3cdc37c81b1.jpg,"Je vends ma Honda   :transmission. R√©vision compl√®te √†  km. Si vous √™tes int√©ress√©s ou souhaitez plus d'informations, contactez moi."
https://www.expat-dakar.com/annonce/moto-tricycle-n-roues-6064802,Neuf,Lifan,2024.0,Castor,1,https://i.roamcdn.net/hz/ed/listing-thumb-543w/db76726ddc60658973462a21803ee543/-/horizon-files-prod/ed/picture/qv4e7558/e62337323745c2821d432d4ed8f96599f65682b4.jpg,"Je vends ma Lifan  2024 :transmission. R√©vision compl√®te √† 0 km. Si vous √™tes int√©ress√©s ou souhaitez plus d'informations, contactez moi."
https://www.expat-dakar.com/annonce/bmw-s1000xr-6126034,Venant,BMW,2018.0,Camb√©r√®ne,3000000,https://i.roamcdn.net/hz/ed/listing-thumb-543w/6b8f66c095c19b0c116d2e1a21ec4a50/-/horizon-files-prod/ed/picture/qm5gpvrr/7639c61b7ce0e7c119d1d0a24e5fa4a0bce4c3b2.jpg,"Je vends ma BMW S 2018

Vente flash üëã

BMW s1000xr  Ann√©e 2018

3mode de conduite

Poignet chauffante

Kilom√©trage 26 000

Papier cmc"
https://www.expat-dakar.com/annonce/yamaha-mt-09-6254593,D'occasion,Yamaha,2020.0,Guediawaye,4000000,https://i.roamcdn.net/hz/ed/listing-thumb-543w/60fb15a907b5cf174555f302c7a9479e/-/horizon-files-prod/ed/picture/qngpvjvv/de56ef67ee13bd9adb287348877aec3815e1cc99.jpg,"Je vends ma BMW  2015,2.0 :transmission. R√©vision compl√®te √† 150000 km. Si vous √™tes int√©ress√©s ou souhaitez plus d'informations, contactez moi."
https://www.expat-dakar.com/annonce/honda-forza-lets-go-venant-6195383,Venant,Honda,2019.0,Liberte 6 extension,1600000,https://i.roamcdn.net/hz/ed/listing-thumb-543w/9e85bfdb4e59f5d92b84ab8337dff468/-/horizon-files-prod/ed/picture/q2j0gmw8/9d83332639002f9812d070ef90786e44c336238b.jpg,"Je vends ma Honda  2019 :transmission. R√©vision compl√®te √†  km. Si vous √™tes int√©ress√©s ou souhaitez plus d'informations, contactez moi."
https://www.expat-dakar.com/annonce/piaggio-gilera-nexus-250cc-injection-avec-carte-grise-6217181,D'occasion,Piaggio,2010.0,Castor,775000,https://i.roamcdn.net/hz/ed/listing-thumb-543w/9755d6ec143957219f1ffee31db7683c/-/horizon-files-prod/ed/picture/qj4qw8zr/22bec06bea6effc5e765c7857b734d88a0bd3a13.jpg,"Piaggio Gilera Nexus 250cc injection 2010

-Carte grise

-Assurance 3 mois"
https://www.expat-dakar.com/annonce/moto-electrique-tres-econome-6255862,D'occasion,Autre,2023.0,Mermoz,600000,https://i.roamcdn.net/hz/ed/listing-thumb-543w/062307be1aacefe559714bea4e7b9e40/-/horizon-files-prod/ed/picture/qde7q6d2/1d9dd735e98f5491576837bee2275ee59c2689ef.png,Je vends ma moto electrique:
https://www.expat-dakar.com/annonce/ktm-690-smc-2013-6257298,D'occasion,KTM,2013.0,Almadies,1700000,https://i.roamcdn.net/hz/ed/listing-thumb-543w/0bc892cce0f5859bf195285430116680/-/horizon-files-prod/ed/picture/qrz8wmnm/1636c192090be53786808afdafb47c7bc44f6bd0.jpg,Je vends une KTM 690 SMC 2013 avec mirroir et clignotants fonctionnels.
https://www.expat-dakar.com/annonce/moto-6256885,D'occasion,BMW,2021.0,Mermoz,4000000,https://i.roamcdn.net/hz/ed/listing-thumb-543w/2d9616ee53703d9f6007b4c94fce67a3/-/horizon-files-prod/ed/picture/q56dn2ge/9c9dcfd0b8cdbcd86d104f4bed51e0b586bae858.jpg,"Je vends ma BMW G 2021 :transmission. R√©vision compl√®te √†  km. Si vous √™tes int√©ress√©s ou souhaitez plus d'informations, contactez moi."
https://www.expat-dakar.com/annonce/fly-6254411,Venant,Piaggio,2014.0,Guediawaye,550000,https://i.roamcdn.net/hz/ed/listing-thumb-543w/53af8f367f66e4df9d1eb593a78e54fe/-/horizon-files-prod/ed/picture/qxjpmkwq/0a4ff886ab7b0a38da8729c3506271c98aa5864d.jpg,"Je vends ma Piaggio  2014 :transmission. R√©vision compl√®te √†  km. Si vous √™tes int√©ress√©s ou souhaitez plus d'informations, contactez moi."
https://www.expat-dakar.com/annonce/bmw-6258626,Venant,BMW,2022.0,Hann maristes,3200000,https://i.roamcdn.net/hz/ed/listing-thumb-543w/e4fb756a45d85d719442e92586a9e9c0/-/horizon-files-prod/ed/picture/q9mjzqm0/77f4ea5877fb354603a8b816d615919bd19828d6.jpg,"Je vends ma BMW F850 rally adventure ann√©e 2022 tr√®s propre, transmission. R√©vision compl√®te √† 13000 km. Si vous √™tes int√©ress√©s ou souhaitez plus d'informations, contactez moi."
https://www.expat-dakar.com/annonce/liberty-125-2023-6258646,Venant,Autre,2023.0,Point-e,900000,https://i.roamcdn.net/hz/ed/listing-thumb-543w/f609c0b868b701f74bda4cb237e2196c/-/horizon-files-prod/ed/picture/qv4wr642/bd9eecddc30441682e03b5f3bd3f34dd2a2beb40.jpg,"Je vends ma Liberty 125

Ann√©e 2023

Si vous √™tes int√©ress√©s ou souhaitez plus d'informations, contactez moi."
https://www.expat-dakar.com/annonce/magnifique-can-am-6212660,Venant,Can Am,2021.0,Almadies,5500000,https://i.roamcdn.net/hz/ed/listing-thumb-543w/cacbdb8563e2b931f1c37269489beb71/-/horizon-files-prod/ed/picture/qpdm72dr/bfaa7eeac3125311a9605209974fbb9cfb4b7322.jpg,"Magnifique can am Ryker 900 mod√®le unique au S√©n√©gal

82cv 3 cylindres moteur 993cc

Visible aux Almadies

Propri√©taire direct

PAPIERS en r√®gle CMC + Permis de l'ancien propri√©taire + declaration Douane"
https://www.expat-dakar.com/annonce/kymco-xciting-500-ri-injection-carte-ta-grise-numerique-6258978,D'occasion,Kymco,2022.0,Hlm grand-yoff,1000000,https://i.roamcdn.net/hz/ed/listing-thumb-543w/efb5f68329ce30d027db0e63f34e3c1f/-eyJvciI6MH0%3D/horizon-files-prod/ed/picture/qm5g7eem/5faddc0f2e4cf6aee5b46b17df5940252f221c07.jpg,"Je vends ma Kymco Xciting 2022 :transmission. R√©vision compl√®te √† 39000 km. kymco xciting 500 ri injection

Carte ta grise num√©rique

Si vous √™tes int√©ress√©s ou souhaitez plus d'informations, contactez moi."
https://www.expat-dakar.com/annonce/casque-moto-homologues-6244107,Neuf,Autre,2024.0,Sicap Libert√©,1,https://i.roamcdn.net/hz/ed/listing-thumb-543w/83bd596a0accfc6fe643a76670b14fa1/-/horizon-files-prod/ed/picture/qq42x644/796a8fd1bd97eed3bbe698dc4704035124c0ab59.jpg,"Casque Moto Vega et Axor Homologu√©s ISI Inde, DOT USA et ECE Europe disponibles en grande quantit√© √† Dakar

Livraison partout au S√©n√©gal"
https://www.expat-dakar.com/annonce/moto-250cc-endurocross-0km-6260959,Venant,Honda,2024.0,Saly Portudal,1050000,https://i.roamcdn.net/hz/ed/listing-thumb-543w/e316437c2af96f12eaab8a2082533fcc/-/horizon-files-prod/ed/picture/qj4qgv84/200481d10e4a07eed71d859743b40fe7cffba89c.jpg,Grande OPPORTUNIT√â : √† vendre les seuls moto enduro 250cc neuve √† vendre du S√©n√©gal. Prix normal 2.000.000 de francs CFA mais disponible √† 1.050.000.
https://www.expat-dakar.com/annonce/mt-07-tracer-6237391,Venant,Yamaha,2022.0,Fann Hock,2860000,https://i.roamcdn.net/hz/ed/listing-thumb-543w/1deb57264fb298ad46feb834271a5f55/-/horizon-files-prod/ed/picture/q0g7xjwj/11dc871415c2d2835bb3753881c2ef948f74d422.jpg,"Je vends ma Yamaha MT 2022 :transmission. R√©vision compl√®te √† 7600 km

Mt 07 tracer venant en parfait √©tat avec ligne compl√®te arrow,avec un faible kilom√©trage,moto A3 c a d full power , tr√®s confortable et puissante ,et avec une meilleure position de conduite que les mt 07 standard Vu sa visi√®re et la position de conduite plus droite , l√©g√®re et maniable comme un v√©lo,avec CMC et possibilit√© de mutation

. Si vous √™tes int√©ress√©s ou souhaitez plus d'informations, contactez moi."
https://www.expat-dakar.com/annonce/liberty-125-ie-abs-6237382,Venant,Piaggio,2020.0,Fann Hock,897000,https://i.roamcdn.net/hz/ed/listing-thumb-543w/c8e0729cd3c95a4274b3896298dda009/-/horizon-files-prod/ed/picture/qpdm5e6j/57a25d48993f124efd57210b39c31ea71250425f.jpg,"Je vends ma Piaggio Liberty 2020 :transmission. R√©vision compl√®te √† 6900 km

Liberty 125 ie ABS scooter venant avec plus de s√©curit√© au freinage ABS, en parfait √©tat avec CMC et possibilit√© de mutation , scooter tr√®s maniable vue sa l√©g√®ret√© et tr√®s √©conomique ouverture coffre √©lectrique ,et contion un coffre spacieux

. Si vous √™tes int√©ress√©s ou souhaitez plus d'informations, contactez moi."
https://www.expat-dakar.com/annonce/fly-125-ie-disque-avant-arriere-6237377,Venant,Piaggio,2021.0,Fann Hock,897000,https://i.roamcdn.net/hz/ed/listing-thumb-543w/5a2285c4c4d0cfcfe27fc804a42bd851/-/horizon-files-prod/ed/picture/qxjpnv22/d1554d00d00905523a58968d98c9866b116576d5.jpg,"Je vends ma Piaggio Fly 2021 :transmission. R√©vision compl√®te √† 7000 km

Fly venant avec CMC et possibilit√© de muter ,en parfait √©tat disque avant arri√®re injection scooter puissant robuste fiable et tr√®s √©conomique en consommation,

. Si vous √™tes int√©ress√©s ou souhaitez plus d'informations, contactez moi."
https://www.expat-dakar.com/annonce/ktm-890-duke-6237393,Venant,KTM,2022.0,Fann Hock,2865000,https://i.roamcdn.net/hz/ed/listing-thumb-543w/4c2861dc2ba331b92f6a768984e38aad/-/horizon-files-prod/ed/picture/qngpkexm/9d3ff24db94a89ac1400a50a32e9742984861186.jpg,"Je vends ma KTM Duke 2022 :transmission. R√©vision compl√®te √†  km

KTM 890 duke 2022 venant avec CMC et possibilit√© de mutation ,ligne decatalis√©e avec une tr√®s belle sonorisation, moto hyper puissante 125 ch et la plus l√©g√®re de sa cat√©gorie moin de 170 kg,l'une des motos les mieux √©quip√©e en terme de technologie, √©cran tft couleur ,ABS , DTCS ,3 modes de conduite ,3 modes d'abs ABS, √©triers radiaux,moto tr√®s pr√©cise maniable et avec bcp de fortes sensations

. Si vous √™tes int√©ress√©s ou souhaitez plus d'informations, contactez moi."
https://www.expat-dakar.com/annonce/buggy-6263182,D'occasion,Can Am,2024.0,Liberte 6,30000000,https://i.roamcdn.net/hz/ed/listing-thumb-543w/7feb500440d0e8972e0e1a64a7cce281/-/horizon-files-prod/ed/picture/qpdm4m2w/9f5d90aa07b013dbf7a61d9fc56c0447e5a1df0f.png,"CAN-AM MAVERICK X3 X RS TURBO RR 200CV, bo√Æte de vitesse automatique, Noir & Rouge, premi√®re mise en circulation le 06/2024.3000km"
https://www.expat-dakar.com/annonce/buggy-6264289,D'occasion,Polaris,2023.0,Liberte 6,19000000,https://i.roamcdn.net/hz/ed/listing-thumb-543w/fffcd0004bb7ce81ca9865832a7c41af/-/horizon-files-prod/ed/picture/q78w6p6g/66a080e38b199e48061f9eaf87f9943d9609a855.jpg,POLARIS RZR 1000 PRO XP ULTIMATE  180 CV HOMOLOGU√â de 2023
https://www.expat-dakar.com/annonce/je-vends-ma-moto-6258012,Venant,Yamaha,2005.0,Thiaroye,350000,https://i.roamcdn.net/hz/ed/listing-thumb-543w/c63ece9bc4de8dd3a0fc656e5a769a6e/-/horizon-files-prod/ed/picture/qm5g77er/b4a939b85c2fa05281a1438ec92755c42080ed2b.jpg,"Je vends ma Yamaha  2005 :transmission. R√©vision compl√®te √†  km. Si vous √™tes int√©ress√©s ou souhaitez plus d'informations, contactez moi au"
https://www.expat-dakar.com/annonce/tracer-6265097,Neuf,Yamaha,2023.0,Hann maristes,3400000,https://i.roamcdn.net/hz/ed/listing-thumb-543w/c4415711175ca49e78f0fe4bf05df787/-/horizon-files-prod/ed/picture/q44ng6p8/6ff47d622ca1462f0f18ba850eba691e94b85e3d.jpg,"Je vends ma Yamaha Tracer GT ann√©e 2023 :transmission. R√©vision compl√®te √† 4000 km moteur 900cc d√©brid√©.      Si vous √™tes int√©ress√©s ou souhaitez plus d'informations, contactez moi."
https://www.expat-dakar.com/annonce/bmw-1250-gs-adventure-la-moto-daventure-ultime-6265131,D'occasion,BMW,2020.0,Yoff,5800000,https://i.roamcdn.net/hz/ed/listing-thumb-543w/bbe277d2f096207689259e45e92edc9d/-/horizon-files-prod/ed/picture/q44ng679/a8180e1cc9df15d54c06e0e939cb0f188d4f21d5.jpg,"La BMW R 1250 GS Adventure est une moto d'aventure haut de gamme, parfaite pour les longs voyages et les terrains difficiles. Grand r√©servoir (30L) pour une autonomie exceptionnelle. D√©j√† immatricul√©"
https://www.expat-dakar.com/annonce/buggy-polaris-rzr-1000-turbo-2017-18000km-6265925,D'occasion,Polaris,2017.0,Saly,9900000,https://i.roamcdn.net/hz/ed/listing-thumb-543w/9f905f204c4da27003ae7d6735728abf/-/horizon-files-prod/ed/picture/q0g7452j/135ebae3a52df56f8774ed31caef6b404359064d.jpg,"Propri√©taire direct

Buggy Polaris RZR 1000 TURBO 2017 18 000 KM

168cv

Historique d'entretien disponible : toujours r√©alis√©s chez le concessionnaire Polaris POLAQUAD Saly.

Version Turbo - nombreux accessoires : pare buffle, coffre arri√©re d√©montable, toit aluminium blanc,...

Pneus arri√®res chang√© en 2023

Traitement chassie anti-corrosion Black son 2023

Suspension FOX Podium internal Bypass Shocks"
https://www.expat-dakar.com/annonce/yamaha-r1-venant-tout-neuf-6267028,D'occasion,Yamaha,2014.0,Saly Portudal,2500000,https://i.roamcdn.net/hz/ed/listing-thumb-543w/85e9b24135f4016e9a4f63ef04a345e4/-/horizon-files-prod/ed/picture/qwep65kd/3ffcd4fe3b0ae63e4bfb9d72a8ca982bb075c3a7.jpg,"Je vends ma Yamaha YZF 2014 :transmission. R√©vision compl√®te √† 35000 km. Si vous √™tes int√©ress√©s ou souhaitez plus d'informations, contactez moi."
https://www.expat-dakar.com/annonce/ensemble-antivol-moto-en-u-et-bloque-disque-avec-alarme-5067176,Neuf,Autre,1920.0,Grand-Dakar,18500,https://i.roamcdn.net/hz/ed/listing-thumb-543w/bd6db80824d35e3ce1a9fec3d6f79248/-/horizon-files-prod/ed/picture/qrdkpj8/e1a89bca668421d2f38126279d22a249e71a3117.png,"Je vends ma Autre   :transmission. R√©vision compl√®te √†  km. Si vous √™tes int√©ress√©s ou souhaitez plus d'informations, contactez moi.

Cet antivol U sera id√©al pour prot√©ger votre v√©hicule de toute personne mal intentionn√©e. Cet antivol d'une longueur de 250 mm a √©t√© con√ßu apr√®s avoir pass√© une s√©rie de tests de r√©sistance aux chocs, √† la coupe et √† la corrosion.

Ance en acier, 3 cl√©s Homologation SRA FFMC - Anti-sciage,coupe -boulon,masse - Disque anti-per√ßage 2,5 mm -Dimension int√©rieure 85 mm - Poids : 2,2 kg

Livraison Possible"
https://www.expat-dakar.com/annonce/bmw-gs-r1250-6268097,D'occasion,BMW,2023.0,Hann maristes,5500000,https://i.roamcdn.net/hz/ed/listing-thumb-543w/0b40bc21bbb7a741486e7a93f9a2ecc3/-/horizon-files-prod/ed/picture/q44ngw2m/485e0da686413fc5b59da44bcdac16c6fd827daa.jpg,"BMW R1250 venant version rally Annee 2023

Full option

Crache bar

R√©troviseur 911

Cache moteur bmw

Shifteur pro

Cl√©s let's go bmw d'origne

Tableau de bord configuration M

Pot compet remus avec silencieux d'origine"
https://www.expat-dakar.com/annonce/yamaha-xmax-venant-depuis-le-22012025-6269073,Neuf,Yamaha,2025.0,Liberte 6 extension,700000,https://i.roamcdn.net/hz/ed/listing-thumb-543w/facdbde2cffa47b98292ba359856e253/-/horizon-files-prod/ed/picture/qq42rrkj/f6909099ae46ce14877698fb93544cb41953b7ba.jpg,"Je vends ma Yamaha X-Max 2025 :transmission. R√©vision compl√®te √†  km. Si vous √™tes int√©ress√©s ou souhaitez plus d'informations, contactez moi."
https://www.expat-dakar.com/annonce/vente-flash-moto-honda-forza-tout-marche-6266465,Neuf,Honda,2017.0,Ouest foire,1200000,https://i.roamcdn.net/hz/ed/listing-thumb-543w/04d538e7c3905134b9ac5d40ede3201d/-/horizon-files-prod/ed/picture/qzvp068r/391c5d58df666af13d3b58a0e804f1515d5c8266.jpg,"√Ä VENDRE : Honda Forza en excellent √©tat

‚Ä¢	Mod√®le : Honda Forza

‚Ä¢	Kilom√©trage : 34 000 km (r√©vision compl√®te effectu√©e)

‚Ä¢	Carburant : Essence

‚Ä¢	Immatriculation : D√©j√† immatricul√©e, pr√™te √† rouler

‚Ä¢	√âtat g√©n√©ral : Tr√®s bon, entretenue avec soin"
https://www.expat-dakar.com/annonce/yamaha-xmax-lets-go-6270424,Venant,Yamaha,2025.0,Liberte 6 extension,1500000,https://i.roamcdn.net/hz/ed/listing-thumb-543w/b770dd1630b5d442400803934135b6b2/-/horizon-files-prod/ed/picture/qv4wj7zg/1d4687346c619b9c8bf65b4736e8c859fb7444e9.jpg,"Je vends ma Yamaha X-Max 2025 :transmission. R√©vision compl√®te √†  km. Si vous √™tes int√©ress√©s ou souhaitez plus d'informations, contactez moi."
https://www.expat-dakar.com/annonce/honda-africa-twin-crf-1000-6270473,D'occasion,Honda,2016.0,Mermoz,3000000,https://i.roamcdn.net/hz/ed/listing-thumb-543w/24f932ab5b9656344e54b503caf6c290/-/horizon-files-prod/ed/picture/qq42rjvv/417f0d5ca5de4d5a6cb81c2c5be8bae948dbebc1.jpg,"Je vends ma Honda XRV Africa Twin 2016 :transmission. R√©vision compl√®te √†  21.000 km. Si vous √™tes int√©ress√©s ou souhaitez plus d'informations, contactez moi."
https://www.expat-dakar.com/annonce/moto-gs1250-6107086,Neuf,BMW,2021.0,Sacr√©-c≈ìur,3700000,https://i.roamcdn.net/hz/ed/listing-thumb-543w/bd4560454b81ca9bffc0822aa876309c/-/horizon-files-prod/ed/picture/qenvn764/03517e43b0f3e59a96e11f1966cd6b38512e8d3d.jpg,"Je vends ma   2021 . R√©vision compl√®te √† 15000 km. Si vous √™tes int√©ress√©s ou souhaitez plus d'informations, contactez moi."
https://www.expat-dakar.com/annonce/aprillia-sportcity-200-6249913,Venant,Aprilia,2016.0,Guediawaye,650000,https://i.roamcdn.net/hz/ed/listing-thumb-543w/9aa7d00d21793a21194cee83459740f7/-/horizon-files-prod/ed/picture/qgqw7252/4f9d02f7890a722c2f9a5d7818db98275324c9d7.jpg,"Je vends ma Aprilia Sportcity 2016 :transmission. R√©vision compl√®te √† 40000 km. Si vous √™tes int√©ress√©s ou souhaitez plus d'informations, contactez moi."
https://www.expat-dakar.com/annonce/mt-03-6271400,Neuf,Yamaha,2024.0,Hann maristes,2300000,https://i.roamcdn.net/hz/ed/listing-thumb-543w/e5cfbf304d678ad7c1fc82752ae9f5e7/-/horizon-files-prod/ed/picture/q6xdj058/8e2f291c38408016a643500763e1ae44c34b562e.jpg,"Je vends ma Yamaha MT 03 ann√©e 2024 toute neuve moteur 321cc d√©brid√© :transmission. R√©vision compl√®te √† 1200 km. Si vous √™tes int√©ress√©s ou souhaitez plus d'informations, contactez moi."
https://www.expat-dakar.com/annonce/a-vendre-bmw-gs-treple-black-adventure-1250-6233841,Venant,BMW,2023.0,Hann maristes,6800000,https://i.roamcdn.net/hz/ed/listing-thumb-543w/85016301816d5120e625a1165ebca18a/-/horizon-files-prod/ed/picture/q56d2gjg/385ae75c8696df111e1e8b546aa28e8fa76fff83.jpg,"Je vends ma BMW  2023 :transmission. R√©vision compl√®te √† 20000 km. Si vous √™tes int√©ress√©s ou souhaitez plus d'informations, contactez moi."
https://www.expat-dakar.com/annonce/a-vendre-honda-x-adv-2018-6255923,Venant,Honda,2018.0,Hann maristes,2900000,https://i.roamcdn.net/hz/ed/listing-thumb-543w/9332a9d32e24e997de1526e3ed9c5132/-/horizon-files-prod/ed/picture/q78wqm95/66766d16b7e9898140ee053bc8357480d9e4d961.jpg,"Je vends ma Honda X-ADV 2018 :transmission. R√©vision compl√®te √† 27000 km. Si vous √™tes int√©ress√©s ou souhaitez plus d'informations, contactez moi."
https://www.expat-dakar.com/annonce/a-vendre-honda-x-adv-2020-6255918,Venant,Honda,2020.0,Hann maristes,3200000,https://i.roamcdn.net/hz/ed/listing-thumb-543w/52f640c92a661c0be657b8af9edf475c/-/horizon-files-prod/ed/picture/qde7q6n5/50bbb3a02df03c16d3ffb66338a9c4620d2d87d6.jpg,"Je vends ma Honda X-ADV 2020 :transmission. R√©vision compl√®te √† 19000 km. Si vous √™tes int√©ress√©s ou souhaitez plus d'informations, contactez moi."
https://www.expat-dakar.com/annonce/bmw-gs-1250cc-2023-6271873,Venant,BMW,2023.0,Dieuppeul,5900000,https://i.roamcdn.net/hz/ed/listing-thumb-543w/8d1c7aff4de409dc440b4081136ab90a/-/horizon-files-prod/ed/picture/qq42eq67/45ba20d300733af4d3c03a2e88055dfb441b067a.jpg,"Bmw gs 1250cc triple blacks adventur 2023

Si vous √™tes int√©ress√©s ou souhaitez plus d'informations, contactez moi."
https://www.expat-dakar.com/annonce/bmw-gs-1250-cc-rallye-2023-6271879,Venant,BMW,2023.0,Dieuppeul,4900000,https://i.roamcdn.net/hz/ed/listing-thumb-543w/232bf2bd0b8912e10f75f92fec7f7b5c/-/horizon-files-prod/ed/picture/qgqwe588/7b3ae52cc876d596a7a1e508c2b5f5be14aa7723.jpg,"Je vends ma BMW G 2023 :transmission.

Bmw gs 1250cc rallye 2023

Si vous √™tes int√©ress√©s ou souhaitez plus d'informations, contactez moi."
